SchoolYear,DistrictName,StudentGroupType,StudentGroup,GradeLevel,TestAdministration,TestSubject,PercentLevel1,PercentLevel2,PercentLevel3,PercentLevel4,PercentNoScore,PercentParticipation
2020-21,Walla Walla Public Schools,All,All Students,04,AIM,ELA,,,,,,
2020-21,Walla Walla Public Schools,ELL,Non-English Language Learners,04,AIM,ELA,,,,,,
2020-21,Walla Walla Public Schools,FRL,Non-Low Income,04,AIM,ELA,,,,,,
2020-21,Walla Walla Public Schools,FRL,Low-Income,04,AIM,ELA,,,,,,
2020-21,Walla Walla Public Schools,Gender,Female,04,AIM,ELA,,,,,,
2020-21,Walla Walla Public Schools,Gender,Male,04,AIM,ELA,,,,,,
2020-21,Walla Walla Public Schools,homeless,Non-Homeless,04,AIM,ELA,,,,,,
2020-21,Walla Walla Public Schools,Migrant,Non Migrant,04,AIM,ELA,,,,,,
2020-21,Walla Walla Public Schools,Race,White,04,AIM,ELA,,,,,,
2020-21,Walla Walla Public Schools,Race,Hispanic/ Latino of any race(s),04,AIM,ELA,,,,,,
2020-21,Walla Walla Public Schools,s504,Non Section 504,04,AIM,ELA,,,,,,
2020-21,Walla Walla Public Schools,SWD,Students with Disabilities,04,AIM,ELA,,,,,,
2020-21,Walla Walla Public Schools,All,All Students,04,AIM,Math,,,,,,
2020-21,Walla Walla Public Schools,FRL,Non-Low Income,04,AIM,Math,,,,,,
2020-21,Walla Walla Public Schools,FRL,Low-Income,04,AIM,Math,,,,,,
2020-21,Walla Walla Public Schools,Gender,Female,04,AIM,Math,,,,,,
2020-21,Walla Walla Public Schools,Gender,Male,04,AIM,Math,,,,,,
2020-21,Walla Walla Public Schools,homeless,Non-Homeless,04,AIM,Math,,,,,,
2020-21,Walla Walla Public Schools,Migrant,Non Migrant,04,AIM,Math,,,,,,
2020-21,Walla Walla Public Schools,Military,Non Military Parent,04,AIM,Math,,,,,,
2020-21,Walla Walla Public Schools,Race,White,04,AIM,Math,,,,,,
2020-21,Walla Walla Public Schools,Race,Hispanic/ Latino of any race(s),04,AIM,Math,,,,,,
2020-21,Walla Walla Public Schools,s504,Non Section 504,04,AIM,Math,,,,,,
2020-21,Walla Walla Public Schools,SWD,Students with Disabilities,04,AIM,Math,,,,,,
2020-21,Walla Walla Public Schools,All,All Students,04,SBAC,ELA,0.3661202185792,0.2377049180327,0.1502732240437,0.2322404371584,0.0136612021857,0.9863387978142
2020-21,Walla Walla Public Schools,ELL,English Language Learners,04,SBAC,ELA,,,,,,
2020-21,Walla Walla Public Schools,ELL,Non-English Language Learners,04,SBAC,ELA,0.2847682119205,0.2417218543046,0.182119205298,0.2814569536423,0.0099337748344,0.9900662251655
2020-21,Walla Walla Public Schools,Foster,Non-Foster Care,04,SBAC,ELA,0.3661202185792,0.2377049180327,0.1502732240437,0.2322404371584,0.0136612021857,0.9863387978142
2020-21,Walla Walla Public Schools,FRL,Non-Low Income,04,SBAC,ELA,0.1510791366906,0.1798561151079,0.2374100719424,0.4244604316546,0.0071942446043,0.9928057553956
2020-21,Walla Walla Public Schools,FRL,Low-Income,04,SBAC,ELA,0.4977973568281,0.2731277533039,0.0969162995594,0.1145374449339,0.0176211453744,0.9823788546255
2020-21,Walla Walla Public Schools,Gender,Female,04,SBAC,ELA,0.3259668508287,0.232044198895,0.1933701657458,0.2375690607734,0.0110497237569,0.988950276243
2020-21,Walla Walla Public Schools,Gender,Male,04,SBAC,ELA,0.4054054054054,0.2432432432432,0.1081081081081,0.227027027027,0.0162162162162,0.9837837837837
2020-21,Walla Walla Public Schools,homeless,Homeless,04,SBAC,ELA,,,,,,
2020-21,Walla Walla Public Schools,homeless,Non-Homeless,04,SBAC,ELA,0.3613445378151,0.2380952380952,0.1540616246498,0.2324929971988,0.0140056022408,0.9859943977591
2020-21,Walla Walla Public Schools,Migrant,Migrant,04,SBAC,ELA,,,,,,
2020-21,Walla Walla Public Schools,Migrant,Non Migrant,04,SBAC,ELA,0.3626373626373,0.2390109890109,0.1510989010989,0.2335164835164,0.0137362637362,0.9862637362637
2020-21,Walla Walla Public Schools,Military,Military Parent,04,SBAC,ELA,,,,,,
2020-21,Walla Walla Public Schools,Military,Non Military Parent,04,SBAC,ELA,0.3681318681318,0.2390109890109,0.1510989010989,0.2280219780219,0.0137362637362,0.9862637362637
2020-21,Walla Walla Public Schools,Race,Asian,04,SBAC,ELA,,,,,,
2020-21,Walla Walla Public Schools,Race,Black/ African American,04,SBAC,ELA,,,,,,
2020-21,Walla Walla Public Schools,Race,White,07,AIM,ELA,,,,,,
2020-21,Walla Walla Public Schools,Race,TwoorMoreRaces,04,SBAC,ELA,0.2307692307692,0.3076923076923,0.2307692307692,0.2307692307692,0.0,1.0
2020-21,Walla Walla Public Schools,Race,White,04,SBAC,ELA,0.271676300578,0.2023121387283,0.1560693641618,0.3583815028901,0.0115606936416,0.9884393063583
2020-21,Walla Walla Public Schools,Race,Hispanic/ Latino of any race(s),04,SBAC,ELA,0.48,0.2628571428571,0.1371428571428,0.1028571428571,0.0171428571428,0.9828571428571
2020-21,Walla Walla Public Schools,s504,Section 504,04,SBAC,ELA,0.2,0.2,0.1,0.5,0.0,1.0
2020-21,Walla Walla Public Schools,s504,Non Section 504,04,SBAC,ELA,0.3707865168539,0.2387640449438,0.1516853932584,0.2247191011235,0.0140449438202,0.9859550561797
2020-21,Walla Walla Public Schools,SWD,Students with Disabilities,04,SBAC,ELA,0.6730769230769,0.1923076923076,0.0384615384615,0.076923076923,0.0192307692307,0.9807692307692
2020-21,Walla Walla Public Schools,SWD,Students without Disabilities,04,SBAC,ELA,0.3152866242038,0.2452229299363,0.1687898089171,0.2579617834394,0.0127388535031,0.9872611464968
2020-21,Walla Walla Public Schools,All,All Students,04,SBAC,Math,0.4234972677595,0.2486338797814,0.1775956284153,0.1448087431693,0.0054644808743,0.9945355191256
2020-21,Walla Walla Public Schools,ELL,English Language Learners,04,SBAC,Math,,,,,,
2020-21,Walla Walla Public Schools,ELL,Non-English Language Learners,04,SBAC,Math,0.3476821192052,0.2649006622516,0.205298013245,0.1754966887417,0.0066225165562,0.9933774834437
2020-21,Walla Walla Public Schools,Foster,Non-Foster Care,04,SBAC,Math,0.4234972677595,0.2486338797814,0.1775956284153,0.1448087431693,0.0054644808743,0.9945355191256
2020-21,Walla Walla Public Schools,FRL,Non-Low Income,04,SBAC,Math,0.1942446043165,0.2374100719424,0.251798561151,0.3165467625899,0.0,1.0
2020-21,Walla Walla Public Schools,FRL,Low-Income,04,SBAC,Math,0.5638766519823,0.2555066079295,0.1321585903083,0.0396475770925,0.0088105726872,0.9911894273127
2020-21,Walla Walla Public Schools,Gender,Female,04,SBAC,Math,0.403314917127,0.3093922651933,0.1657458563535,0.1160220994475,0.0055248618784,0.9944751381215
2020-21,Walla Walla Public Schools,Gender,Male,04,SBAC,Math,0.4432432432432,0.1891891891891,0.1891891891891,0.1729729729729,0.0054054054054,0.9945945945945
2020-21,Walla Walla Public Schools,homeless,Homeless,04,SBAC,Math,,,,,,
2020-21,Walla Walla Public Schools,homeless,Non-Homeless,04,SBAC,Math,0.4173669467787,0.2521008403361,0.1764705882352,0.1484593837535,0.0056022408963,0.9943977591036
2020-21,Walla Walla Public Schools,Migrant,Migrant,04,SBAC,Math,,,,,,
2020-21,Walla Walla Public Schools,Migrant,Non Migrant,04,SBAC,Math,0.4203296703296,0.25,0.1785714285714,0.1456043956043,0.0054945054945,0.9945054945054
2020-21,Walla Walla Public Schools,Military,Military Parent,04,SBAC,Math,,,,,,
2020-21,Walla Walla Public Schools,Military,Non Military Parent,04,SBAC,Math,0.4258241758241,0.25,0.1758241758241,0.1428571428571,0.0054945054945,0.9945054945054
2020-21,Walla Walla Public Schools,Race,Asian,04,SBAC,Math,,,,,,
2020-21,Walla Walla Public Schools,Race,Black/ African American,04,SBAC,Math,,,,,,
2020-21,Walla Walla Public Schools,Race,TwoorMoreRaces,04,SBAC,Math,0.3076923076923,0.3076923076923,0.1538461538461,0.2307692307692,0.0,1.0
2020-21,Walla Walla Public Schools,Race,White,04,SBAC,Math,0.3121387283236,0.2196531791907,0.2369942196531,0.2254335260115,0.0057803468208,0.9942196531791
2020-21,Walla Walla Public Schools,Race,Hispanic/ Latino of any race(s),04,SBAC,Math,0.5428571428571,0.2742857142857,0.1257142857142,0.0514285714285,0.0057142857142,0.9942857142857
2020-21,Walla Walla Public Schools,s504,Section 504,04,SBAC,Math,0.1,0.5,0.0,0.4,0.0,1.0
2020-21,Walla Walla Public Schools,s504,Non Section 504,04,SBAC,Math,0.4325842696629,0.2415730337078,0.1825842696629,0.1376404494382,0.005617977528,0.9943820224719
2020-21,Walla Walla Public Schools,SWD,Students with Disabilities,04,SBAC,Math,0.75,0.0576923076923,0.1346153846153,0.0384615384615,0.0192307692307,0.9807692307692
2020-21,Walla Walla Public Schools,SWD,Students without Disabilities,04,SBAC,Math,0.3694267515923,0.28025477707,0.1847133757961,0.1624203821656,0.0031847133757,0.9968152866242
2020-21,Walla Walla Public Schools,ELL,English Language Learners,05,AIM,ELA,,,,,,
2020-21,Walla Walla Public Schools,FRL,Low-Income,05,AIM,ELA,,,,,,
2020-21,Walla Walla Public Schools,Gender,Male,05,AIM,ELA,,,,,,
2020-21,Walla Walla Public Schools,homeless,Non-Homeless,05,AIM,ELA,,,,,,
2020-21,Walla Walla Public Schools,Migrant,Non Migrant,05,AIM,ELA,,,,,,
2020-21,Walla Walla Public Schools,Race,Hispanic/ Latino of any race(s),05,AIM,ELA,,,,,,
2020-21,Walla Walla Public Schools,s504,Non Section 504,05,AIM,ELA,,,,,,
2020-21,Walla Walla Public Schools,SWD,Students with Disabilities,05,AIM,ELA,,,,,,
2020-21,Walla Walla Public Schools,All,All Students,05,AIM,Math,,,,,,
2020-21,Walla Walla Public Schools,ELL,English Language Learners,05,AIM,Math,,,,,,
2020-21,Walla Walla Public Schools,Foster,Non-Foster Care,05,AIM,Math,,,,,,
2020-21,Walla Walla Public Schools,FRL,Low-Income,05,AIM,Math,,,,,,
2020-21,Walla Walla Public Schools,Gender,Male,05,AIM,Math,,,,,,
2020-21,Walla Walla Public Schools,homeless,Non-Homeless,05,AIM,Math,,,,,,
2020-21,Walla Walla Public Schools,Migrant,Non Migrant,05,AIM,Math,,,,,,
2020-21,Walla Walla Public Schools,Military,Non Military Parent,05,AIM,Math,,,,,,
2020-21,Walla Walla Public Schools,Race,Hispanic/ Latino of any race(s),05,AIM,Math,,,,,,
2020-21,Walla Walla Public Schools,s504,Non Section 504,05,AIM,Math,,,,,,
2020-21,Walla Walla Public Schools,SWD,Students with Disabilities,05,AIM,Math,,,,,,
2020-21,Walla Walla Public Schools,All,All Students,05,SBAC,ELA,0.3196721311475,0.2267759562841,0.2021857923497,0.2377049180327,0.0136612021857,0.9863387978142
2020-21,Walla Walla Public Schools,ELL,English Language Learners,05,SBAC,ELA,0.6595744680851,0.1702127659574,0.127659574468,0.0,0.0425531914893,0.9574468085106
2020-21,Walla Walla Public Schools,ELL,Non-English Language Learners,05,SBAC,ELA,0.269592476489,0.2351097178683,0.2131661442006,0.2727272727272,0.0094043887147,0.9905956112852
2020-21,Walla Walla Public Schools,Foster,Foster Care,05,SBAC,ELA,,,,,,
2020-21,Walla Walla Public Schools,Foster,Non-Foster Care,05,SBAC,ELA,0.3186813186813,0.2280219780219,0.2005494505494,0.2390109890109,0.0137362637362,0.9862637362637
2020-21,Walla Walla Public Schools,FRL,Non-Low Income,05,SBAC,ELA,0.1523178807947,0.2251655629139,0.2582781456953,0.3576158940397,0.0066225165562,0.9933774834437
2020-21,Walla Walla Public Schools,Gender,Female,05,SBAC,ELA,0.3526011560693,0.2138728323699,0.1907514450867,0.2369942196531,0.0057803468208,0.9942196531791
2020-21,Walla Walla Public Schools,Gender,Male,05,SBAC,ELA,0.2901554404145,0.2383419689119,0.2124352331606,0.2383419689119,0.020725388601,0.9792746113989
2020-21,Walla Walla Public Schools,homeless,Homeless,05,SBAC,ELA,0.4545454545454,0.1818181818181,0.2727272727272,0.090909090909,0.0,1.0
2020-21,Walla Walla Public Schools,homeless,Non-Homeless,05,SBAC,ELA,0.3154929577464,0.2281690140845,0.2,0.2422535211267,0.0140845070422,0.9859154929577
2020-21,Walla Walla Public Schools,Migrant,Migrant,05,SBAC,ELA,,,,,,
2020-21,Walla Walla Public Schools,Migrant,Non Migrant,05,SBAC,ELA,0.3130193905817,0.2271468144044,0.2049861495844,0.2409972299168,0.0138504155124,0.9861495844875
2020-21,Walla Walla Public Schools,Military,Military Parent,05,SBAC,ELA,,,,,,
2020-21,Walla Walla Public Schools,Race,American Indian/ Alaskan Native,05,SBAC,ELA,,,,,,
2020-21,Walla Walla Public Schools,Race,Black/ African American,05,SBAC,ELA,,,,,,
2020-21,Walla Walla Public Schools,Race,Asian,05,SBAC,ELA,,,,,,
2020-21,Walla Walla Public Schools,Race,TwoorMoreRaces,05,SBAC,ELA,0.2142857142857,0.1428571428571,0.2142857142857,0.3571428571428,0.0714285714285,0.9285714285714
2020-21,Walla Walla Public Schools,s504,Non Section 504,05,SBAC,ELA,0.3157894736842,0.2299168975069,0.2022160664819,0.2382271468144,0.0138504155124,0.9861495844875
2020-21,Walla Walla Public Schools,SWD,Students with Disabilities,05,SBAC,ELA,0.6176470588235,0.1617647058823,0.0588235294117,0.1176470588235,0.0441176470588,0.9558823529411
2020-21,Walla Walla Public Schools,SWD,Students without Disabilities,05,SBAC,ELA,0.2516778523489,0.241610738255,0.234899328859,0.2651006711409,0.0067114093959,0.993288590604
2020-21,Walla Walla Public Schools,All,All Students,05,SBAC,Math,0.327868852459,0.3060109289617,0.1939890710382,0.155737704918,0.0163934426229,0.983606557377
2020-21,Walla Walla Public Schools,ELL,English Language Learners,05,SBAC,Math,0.6595744680851,0.2340425531914,0.063829787234,0.0,0.0425531914893,0.9574468085106
2020-21,Walla Walla Public Schools,ELL,Non-English Language Learners,05,SBAC,Math,0.2789968652037,0.3166144200626,0.2131661442006,0.1786833855799,0.0125391849529,0.987460815047
2020-21,Walla Walla Public Schools,Foster,Foster Care,05,SBAC,Math,,,,,,
2020-21,Walla Walla Public Schools,Foster,Non-Foster Care,05,SBAC,Math,0.326923076923,0.304945054945,0.1950549450549,0.1565934065934,0.0164835164835,0.9835164835164
2020-21,Walla Walla Public Schools,FRL,Non-Low Income,05,SBAC,Math,0.1721854304635,0.2781456953642,0.2715231788079,0.2715231788079,0.0066225165562,0.9933774834437
2020-21,Walla Walla Public Schools,FRL,Low-Income,05,SBAC,Math,0.4372093023255,0.3255813953488,0.1395348837209,0.0744186046511,0.0232558139534,0.9767441860465
2020-21,Walla Walla Public Schools,Gender,Female,05,SBAC,Math,0.4046242774566,0.2658959537572,0.1849710982658,0.1329479768786,0.0115606936416,0.9884393063583
2020-21,Walla Walla Public Schools,Gender,Male,05,SBAC,Math,0.2590673575129,0.341968911917,0.2020725388601,0.1761658031088,0.020725388601,0.9792746113989
2020-21,Walla Walla Public Schools,homeless,Non-Homeless,05,SBAC,Math,0.3267605633802,0.2985915492957,0.2,0.1577464788732,0.0169014084507,0.9830985915492
2020-21,Walla Walla Public Schools,Migrant,Migrant,05,SBAC,Math,,,,,,
2020-21,Walla Walla Public Schools,Migrant,Non Migrant,05,SBAC,Math,0.3213296398891,0.3074792243767,0.196675900277,0.1578947368421,0.0166204986149,0.983379501385
2020-21,Walla Walla Public Schools,Military,Military Parent,05,SBAC,Math,,,,,,
2020-21,Walla Walla Public Schools,Race,American Indian/ Alaskan Native,05,SBAC,Math,,,,,,
2020-21,Walla Walla Public Schools,Race,Black/ African American,05,SBAC,Math,,,,,,
2020-21,Walla Walla Public Schools,Race,Asian,05,SBAC,Math,,,,,,
2020-21,Walla Walla Public Schools,Race,TwoorMoreRaces,05,SBAC,Math,0.2142857142857,0.5,0.0,0.2142857142857,0.0714285714285,0.9285714285714
2020-21,Walla Walla Public Schools,Race,Hispanic/ Latino of any race(s),05,SBAC,Math,0.4539007092198,0.2907801418439,0.1560283687943,0.0780141843971,0.0212765957446,0.9787234042553
2020-21,Walla Walla Public Schools,Race,White,05,SBAC,Math,0.2437810945273,0.3134328358208,0.228855721393,0.2039800995024,0.0099502487562,0.9900497512437
2020-21,Walla Walla Public Schools,s504,Section 504,05,SBAC,Math,,,,,,
2020-21,Walla Walla Public Schools,s504,Non Section 504,05,SBAC,Math,0.3268698060941,0.3074792243767,0.191135734072,0.1578947368421,0.0166204986149,0.983379501385
2020-21,Walla Walla Public Schools,SWD,Students with Disabilities,05,SBAC,Math,0.6470588235294,0.1764705882352,0.0588235294117,0.0735294117647,0.0441176470588,0.9558823529411
2020-21,Walla Walla Public Schools,SWD,Students without Disabilities,05,SBAC,Math,0.2550335570469,0.3355704697986,0.2248322147651,0.1744966442953,0.0100671140939,0.989932885906
2020-21,Walla Walla Public Schools,All,All Students,06,AIM,ELA,,,,,,
2020-21,Walla Walla Public Schools,ELL,Non-English Language Learners,06,AIM,ELA,,,,,,
2020-21,Walla Walla Public Schools,Foster,Non-Foster Care,06,AIM,ELA,,,,,,
2020-21,Walla Walla Public Schools,FRL,Non-Low Income,06,AIM,ELA,,,,,,
2020-21,Walla Walla Public Schools,FRL,Low-Income,06,AIM,ELA,,,,,,
2020-21,Walla Walla Public Schools,Gender,Female,06,AIM,ELA,,,,,,
2020-21,Walla Walla Public Schools,Gender,Male,06,AIM,ELA,,,,,,
2020-21,Walla Walla Public Schools,homeless,Non-Homeless,06,AIM,ELA,,,,,,
2020-21,Walla Walla Public Schools,Migrant,Non Migrant,06,AIM,ELA,,,,,,
2020-21,Walla Walla Public Schools,Military,Non Military Parent,06,AIM,ELA,,,,,,
2020-21,Walla Walla Public Schools,Race,Hispanic/ Latino of any race(s),06,AIM,ELA,,,,,,
2020-21,Walla Walla Public Schools,Race,White,06,AIM,ELA,,,,,,
2020-21,Walla Walla Public Schools,s504,Non Section 504,06,AIM,ELA,,,,,,
2020-21,Walla Walla Public Schools,SWD,Students with Disabilities,06,AIM,ELA,,,,,,
2020-21,Walla Walla Public Schools,All,All Students,06,AIM,Math,,,,,,
2020-21,Walla Walla Public Schools,ELL,Non-English Language Learners,06,AIM,Math,,,,,,
2020-21,Walla Walla Public Schools,Foster,Non-Foster Care,06,AIM,Math,,,,,,
2020-21,Walla Walla Public Schools,FRL,Non-Low Income,06,AIM,Math,,,,,,
2020-21,Walla Walla Public Schools,FRL,Low-Income,06,AIM,Math,,,,,,
2020-21,Walla Walla Public Schools,Gender,Female,06,AIM,Math,,,,,,
2020-21,Walla Walla Public Schools,Gender,Male,06,AIM,Math,,,,,,
2020-21,Walla Walla Public Schools,homeless,Non-Homeless,06,AIM,Math,,,,,,
2020-21,Walla Walla Public Schools,Military,Non Military Parent,06,AIM,Math,,,,,,
2020-21,Walla Walla Public Schools,Race,Hispanic/ Latino of any race(s),06,AIM,Math,,,,,,
2020-21,Walla Walla Public Schools,Race,White,06,AIM,Math,,,,,,
2020-21,Walla Walla Public Schools,s504,Non Section 504,06,AIM,Math,,,,,,
2020-21,Walla Walla Public Schools,SWD,Students with Disabilities,06,AIM,Math,,,,,,
2020-21,Walla Walla Public Schools,All,All Students,06,SBAC,ELA,0.3675675675675,0.2135135135135,0.1756756756756,0.2189189189189,0.0243243243243,0.9756756756756
2020-21,Walla Walla Public Schools,ELL,English Language Learners,06,SBAC,ELA,,,,,,
2020-21,Walla Walla Public Schools,ELL,Non-English Language Learners,06,SBAC,ELA,0.290625,0.23125,0.203125,0.253125,0.021875,0.978125
2020-21,Walla Walla Public Schools,Foster,Foster Care,06,SBAC,ELA,,,,,,
2020-21,Walla Walla Public Schools,Foster,Non-Foster Care,06,SBAC,ELA,0.3658536585365,0.2140921409214,0.1761517615176,0.2195121951219,0.0243902439024,0.9756097560975
2020-21,Walla Walla Public Schools,FRL,Non-Low Income,06,SBAC,ELA,0.15,0.15,0.2642857142857,0.4142857142857,0.0214285714285,0.9785714285714
2020-21,Walla Walla Public Schools,FRL,Low-Income,06,SBAC,ELA,0.5,0.2521739130434,0.1217391304347,0.1,0.0260869565217,0.9739130434782
2020-21,Walla Walla Public Schools,Gender,Female,06,SBAC,ELA,0.3235294117647,0.2117647058823,0.2,0.2411764705882,0.0235294117647,0.9764705882352
2020-21,Walla Walla Public Schools,Gender,Male,06,SBAC,ELA,0.405,0.215,0.155,0.2,0.025,0.975
2020-21,Walla Walla Public Schools,homeless,Non-Homeless,06,SBAC,ELA,0.3611111111111,0.2138888888888,0.1777777777777,0.225,0.0222222222222,0.9777777777777
2020-21,Walla Walla Public Schools,Migrant,Migrant,06,SBAC,ELA,,,,,,
2020-21,Walla Walla Public Schools,Migrant,Non Migrant,06,SBAC,ELA,0.3643835616438,0.2136986301369,0.1753424657534,0.2219178082191,0.0246575342465,0.9753424657534
2020-21,Walla Walla Public Schools,Military,Military Parent,06,SBAC,ELA,,,,,,
2020-21,Walla Walla Public Schools,Military,Non Military Parent,06,SBAC,ELA,0.3715846994535,0.2131147540983,0.1721311475409,0.2185792349726,0.0245901639344,0.9754098360655
2020-21,Walla Walla Public Schools,Race,American Indian/ Alaskan Native,06,SBAC,ELA,,,,,,
2020-21,Walla Walla Public Schools,Race,Asian,06,SBAC,ELA,,,,,,
2020-21,Walla Walla Public Schools,Race,TwoorMoreRaces,06,SBAC,ELA,0.3,0.4,0.1,0.15,0.05,0.95
2020-21,Walla Walla Public Schools,Race,Hispanic/ Latino of any race(s),06,SBAC,ELA,0.486301369863,0.2465753424657,0.1712328767123,0.0684931506849,0.0273972602739,0.972602739726
2020-21,Walla Walla Public Schools,Race,White,06,SBAC,ELA,0.2842639593908,0.1675126903553,0.1878172588832,0.3401015228426,0.0203045685279,0.979695431472
2020-21,Walla Walla Public Schools,s504,Section 504,06,SBAC,ELA,0.3684210526315,0.1578947368421,0.2631578947368,0.1578947368421,0.0526315789473,0.9473684210526
2020-21,Walla Walla Public Schools,s504,Non Section 504,06,SBAC,ELA,0.3675213675213,0.2165242165242,0.1709401709401,0.2222222222222,0.022792022792,0.9772079772079
2020-21,Walla Walla Public Schools,SWD,Students with Disabilities,06,SBAC,ELA,0.6349206349206,0.1904761904761,0.047619047619,0.031746031746,0.095238095238,0.9047619047619
2020-21,Walla Walla Public Schools,SWD,Students without Disabilities,06,SBAC,ELA,0.3127035830618,0.2182410423452,0.2019543973941,0.257328990228,0.0097719869706,0.9902280130293
2020-21,Walla Walla Public Schools,All,All Students,06,SBAC,Math,0.5,0.2054054054054,0.1243243243243,0.1432432432432,0.027027027027,0.9729729729729
2020-21,Walla Walla Public Schools,ELL,English Language Learners,06,SBAC,Math,,,,,,
2020-21,Walla Walla Public Schools,ELL,Non-English Language Learners,06,SBAC,Math,0.446875,0.221875,0.14375,0.165625,0.021875,0.978125
2020-21,Walla Walla Public Schools,Foster,Foster Care,06,SBAC,Math,,,,,,
2020-21,Walla Walla Public Schools,Foster,Non-Foster Care,06,SBAC,Math,0.4986449864498,0.2059620596205,0.1246612466124,0.1436314363143,0.0271002710027,0.9728997289972
2020-21,Walla Walla Public Schools,FRL,Non-Low Income,06,SBAC,Math,0.2857142857142,0.1785714285714,0.2,0.3214285714285,0.0142857142857,0.9857142857142
2020-21,Walla Walla Public Schools,FRL,Low-Income,06,SBAC,Math,0.6304347826086,0.2217391304347,0.0782608695652,0.0347826086956,0.0347826086956,0.9652173913043
2020-21,Walla Walla Public Schools,Gender,Female,06,SBAC,Math,0.5176470588235,0.2058823529411,0.1058823529411,0.1470588235294,0.0235294117647,0.9764705882352
2020-21,Walla Walla Public Schools,homeless,Non-Homeless,06,SBAC,Math,0.4944444444444,0.2055555555555,0.1277777777777,0.1472222222222,0.025,0.975
2020-21,Walla Walla Public Schools,Migrant,Migrant,06,SBAC,Math,,,,,,
2020-21,Walla Walla Public Schools,Migrant,Non Migrant,06,SBAC,Math,0.4986301369863,0.2054794520547,0.1260273972602,0.145205479452,0.0246575342465,0.9753424657534
2020-21,Walla Walla Public Schools,Military,Military Parent,06,SBAC,Math,,,,,,
2020-21,Walla Walla Public Schools,Military,Non Military Parent,06,SBAC,Math,0.5,0.207650273224,0.1202185792349,0.1448087431693,0.0273224043715,0.9726775956284
2020-21,Walla Walla Public Schools,Race,American Indian/ Alaskan Native,06,SBAC,Math,,,,,,
2020-21,Walla Walla Public Schools,Race,Asian,06,SBAC,Math,,,,,,
2020-21,Walla Walla Public Schools,Race,TwoorMoreRaces,06,SBAC,Math,0.55,0.15,0.05,0.2,0.05,0.95
2020-21,Walla Walla Public Schools,Race,Hispanic/ Latino of any race(s),06,SBAC,Math,0.6232876712328,0.1917808219178,0.1164383561643,0.0342465753424,0.0342465753424,0.9657534246575
2020-21,Walla Walla Public Schools,Race,White,06,SBAC,Math,0.4060913705583,0.2182741116751,0.1319796954314,0.2233502538071,0.0203045685279,0.979695431472
2020-21,Walla Walla Public Schools,s504,Section 504,06,SBAC,Math,0.5263157894736,0.1578947368421,0.1052631578947,0.1578947368421,0.0526315789473,0.9473684210526
2020-21,Walla Walla Public Schools,s504,Non Section 504,06,SBAC,Math,0.4985754985754,0.2079772079772,0.1253561253561,0.1424501424501,0.025641025641,0.9743589743589
2020-21,Walla Walla Public Schools,SWD,Students with Disabilities,06,SBAC,Math,0.7619047619047,0.079365079365,0.031746031746,0.031746031746,0.095238095238,0.9047619047619
2020-21,Walla Walla Public Schools,SWD,Students without Disabilities,06,SBAC,Math,0.4462540716612,0.2312703583061,0.14332247557,0.1661237785016,0.0130293159609,0.986970684039
2020-21,Walla Walla Public Schools,All,All Students,07,AIM,ELA,,,,,,
2020-21,Walla Walla Public Schools,ELL,English Language Learners,07,AIM,ELA,,,,,,
2020-21,Walla Walla Public Schools,ELL,Non-English Language Learners,07,AIM,ELA,,,,,,
2020-21,Walla Walla Public Schools,Foster,Non-Foster Care,07,AIM,ELA,,,,,,
2020-21,Walla Walla Public Schools,FRL,Low-Income,07,AIM,ELA,,,,,,
2020-21,Walla Walla Public Schools,Gender,Female,07,AIM,ELA,,,,,,
2020-21,Walla Walla Public Schools,Gender,Male,07,AIM,ELA,,,,,,
2020-21,Walla Walla Public Schools,homeless,Non-Homeless,07,AIM,ELA,,,,,,
2020-21,Walla Walla Public Schools,Migrant,Non Migrant,07,AIM,ELA,,,,,,
2020-21,Walla Walla Public Schools,Military,Non Military Parent,07,AIM,ELA,,,,,,
2020-21,Walla Walla Public Schools,Race,TwoorMoreRaces,07,AIM,ELA,,,,,,
2020-21,Walla Walla Public Schools,Race,Hispanic/ Latino of any race(s),07,AIM,ELA,,,,,,
2020-21,Walla Walla Public Schools,s504,Non Section 504,07,AIM,ELA,,,,,,
2020-21,Walla Walla Public Schools,SWD,Students with Disabilities,07,AIM,ELA,,,,,,
2020-21,Walla Walla Public Schools,All,All Students,07,AIM,Math,,,,,,
2020-21,Walla Walla Public Schools,ELL,Non-English Language Learners,07,AIM,Math,,,,,,
2020-21,Walla Walla Public Schools,Foster,Non-Foster Care,07,AIM,Math,,,,,,
2020-21,Walla Walla Public Schools,FRL,Low-Income,07,AIM,Math,,,,,,
2020-21,Walla Walla Public Schools,Gender,Female,07,AIM,Math,,,,,,
2020-21,Walla Walla Public Schools,Gender,Male,07,AIM,Math,,,,,,
2020-21,Walla Walla Public Schools,homeless,Non-Homeless,07,AIM,Math,,,,,,
2020-21,Walla Walla Public Schools,Military,Non Military Parent,07,AIM,Math,,,,,,
2020-21,Walla Walla Public Schools,Race,TwoorMoreRaces,07,AIM,Math,,,,,,
2020-21,Walla Walla Public Schools,Race,White,07,AIM,Math,,,,,,
2020-21,Walla Walla Public Schools,Race,Hispanic/ Latino of any race(s),07,AIM,Math,,,,,,
2020-21,Walla Walla Public Schools,s504,Non Section 504,07,AIM,Math,,,,,,
2020-21,Walla Walla Public Schools,SWD,Students with Disabilities,07,AIM,Math,,,,,,
2020-21,Walla Walla Public Schools,All,All Students,07,SBAC,ELA,0.3198090692124,0.2291169451073,0.2601431980906,0.1527446300715,0.0381861575178,0.9618138424821
2020-21,Walla Walla Public Schools,ELL,English Language Learners,07,SBAC,ELA,,,,,,
2020-21,Walla Walla Public Schools,ELL,Non-English Language Learners,07,SBAC,ELA,0.268817204301,0.2365591397849,0.2876344086021,0.1720430107526,0.0349462365591,0.9650537634408
2020-21,Walla Walla Public Schools,Foster,Foster Care,07,SBAC,ELA,,,,,,
2020-21,Walla Walla Public Schools,FRL,Non-Low Income,07,SBAC,ELA,0.1363636363636,0.2272727272727,0.3693181818181,0.2443181818181,0.0227272727272,0.9772727272727
2020-21,Walla Walla Public Schools,FRL,Low-Income,07,SBAC,ELA,0.4526748971193,0.2304526748971,0.1810699588477,0.0864197530864,0.0493827160493,0.9506172839506
2020-21,Walla Walla Public Schools,Gender,Male,07,SBAC,ELA,0.3480392156862,0.2254901960784,0.2205882352941,0.1666666666666,0.0392156862745,0.9607843137254
2020-21,Walla Walla Public Schools,homeless,Homeless,07,SBAC,ELA,,,,,,
2020-21,Walla Walla Public Schools,homeless,Non-Homeless,07,SBAC,ELA,0.3171912832929,0.227602905569,0.2639225181598,0.1549636803874,0.0363196125907,0.9636803874092
2020-21,Walla Walla Public Schools,Migrant,Migrant,07,SBAC,ELA,,,,,,
2020-21,Walla Walla Public Schools,Migrant,Non Migrant,07,SBAC,ELA,0.3180722891566,0.2289156626506,0.2626506024096,0.1542168674698,0.0361445783132,0.9638554216867
2020-21,Walla Walla Public Schools,Military,Military Parent,07,SBAC,ELA,,,,,,
2020-21,Walla Walla Public Schools,Military,Non Military Parent,07,SBAC,ELA,0.3187347931873,0.2311435523114,0.257907542579,0.1532846715328,0.0389294403892,0.9610705596107
2020-21,Walla Walla Public Schools,Race,American Indian/ Alaskan Native,07,SBAC,ELA,,,,,,
2020-21,Walla Walla Public Schools,Race,Asian,07,SBAC,ELA,,,,,,
2020-21,Walla Walla Public Schools,Race,Black/ African American,07,SBAC,ELA,,,,,,
2020-21,Walla Walla Public Schools,Race,TwoorMoreRaces,07,SBAC,ELA,0.3157894736842,0.1578947368421,0.2105263157894,0.2631578947368,0.0526315789473,0.9473684210526
2020-21,Walla Walla Public Schools,Race,Hispanic/ Latino of any race(s),07,SBAC,ELA,0.4666666666666,0.2555555555555,0.1888888888888,0.05,0.0388888888888,0.9611111111111
2020-21,Walla Walla Public Schools,Race,White,07,SBAC,ELA,0.1961722488038,0.2200956937799,0.3253588516746,0.2248803827751,0.0334928229665,0.9665071770334
2020-21,Walla Walla Public Schools,s504,Section 504,07,SBAC,ELA,0.1904761904761,0.2857142857142,0.3809523809523,0.095238095238,0.047619047619,0.9523809523809
2020-21,Walla Walla Public Schools,s504,Non Section 504,07,SBAC,ELA,0.3266331658291,0.2261306532663,0.2537688442211,0.1557788944723,0.037688442211,0.9623115577889
2020-21,Walla Walla Public Schools,SWD,Students without Disabilities,07,SBAC,ELA,0.2448979591836,0.2448979591836,0.3032069970845,0.1778425655976,0.0291545189504,0.9708454810495
2020-21,Walla Walla Public Schools,All,All Students,07,SBAC,Math,0.5178997613365,0.2195704057279,0.1193317422434,0.1050119331742,0.0381861575178,0.9618138424821
2020-21,Walla Walla Public Schools,ELL,English Language Learners,07,SBAC,Math,,,,,,
2020-21,Walla Walla Public Schools,Foster,Foster Care,07,SBAC,Math,,,,,,
2020-21,Walla Walla Public Schools,Foster,Non-Foster Care,07,SBAC,Math,0.5179856115107,0.2182254196642,0.1199040767386,0.1055155875299,0.0383693045563,0.9616306954436
2020-21,Walla Walla Public Schools,FRL,Non-Low Income,07,SBAC,Math,0.3125,0.2840909090909,0.1988636363636,0.1761363636363,0.028409090909,0.9715909090909
2020-21,Walla Walla Public Schools,FRL,Low-Income,07,SBAC,Math,0.6666666666666,0.1728395061728,0.0617283950617,0.0534979423868,0.0452674897119,0.954732510288
2020-21,Walla Walla Public Schools,Gender,Female,07,SBAC,Math,0.5395348837209,0.2511627906976,0.106976744186,0.0697674418604,0.0325581395348,0.9674418604651
2020-21,Walla Walla Public Schools,homeless,Non-Homeless,07,SBAC,Math,0.5133171912832,0.2227602905569,0.1210653753026,0.1065375302663,0.0363196125907,0.9636803874092
2020-21,Walla Walla Public Schools,Migrant,Migrant,07,SBAC,Math,,,,,,
2020-21,Walla Walla Public Schools,Migrant,Non Migrant,07,SBAC,Math,0.5156626506024,0.2216867469879,0.1204819277108,0.1060240963855,0.0361445783132,0.9638554216867
2020-21,Walla Walla Public Schools,Military,Military Parent,07,SBAC,Math,,,,,,
2020-21,Walla Walla Public Schools,Military,Non Military Parent,07,SBAC,Math,0.5182481751824,0.2189781021897,0.1192214111922,0.1046228710462,0.0389294403892,0.9610705596107
2020-21,Walla Walla Public Schools,Race,American Indian/ Alaskan Native,07,SBAC,Math,,,,,,
2020-21,Walla Walla Public Schools,Race,Asian,07,SBAC,Math,,,,,,
2020-21,Walla Walla Public Schools,Race,Black/ African American,07,SBAC,Math,,,,,,
2020-21,Walla Walla Public Schools,Race,TwoorMoreRaces,07,SBAC,Math,0.3157894736842,0.2631578947368,0.2105263157894,0.1578947368421,0.0526315789473,0.9473684210526
2020-21,Walla Walla Public Schools,Race,Hispanic/ Latino of any race(s),07,SBAC,Math,0.7277777777777,0.1666666666666,0.05,0.0166666666666,0.0388888888888,0.9611111111111
2020-21,Walla Walla Public Schools,Race,White,07,SBAC,Math,0.3636363636363,0.2631578947368,0.1674641148325,0.1722488038277,0.0334928229665,0.9665071770334
2020-21,Walla Walla Public Schools,s504,Section 504,07,SBAC,Math,0.6190476190476,0.1428571428571,0.0,0.1428571428571,0.095238095238,0.9047619047619
2020-21,Walla Walla Public Schools,s504,Non Section 504,07,SBAC,Math,0.5125628140703,0.2236180904522,0.1256281407035,0.1030150753768,0.0351758793969,0.964824120603
2020-21,Walla Walla Public Schools,SWD,Students with Disabilities,07,SBAC,Math,,,,,,
2020-21,Walla Walla Public Schools,SWD,Students without Disabilities,07,SBAC,Math,0.4577259475218,0.2507288629737,0.139941690962,0.1253644314868,0.0262390670553,0.9737609329446
2020-21,Walla Walla Public Schools,All,All Students,08,AIM,ELA,,,,,,
2020-21,Walla Walla Public Schools,ELL,Non-English Language Learners,08,AIM,ELA,,,,,,
2020-21,Walla Walla Public Schools,Foster,Non-Foster Care,08,AIM,ELA,,,,,,
2020-21,Walla Walla Public Schools,FRL,Non-Low Income,08,AIM,ELA,,,,,,
2020-21,Walla Walla Public Schools,FRL,Low-Income,08,AIM,ELA,,,,,,
2020-21,Walla Walla Public Schools,Gender,Female,08,AIM,ELA,,,,,,
2020-21,Walla Walla Public Schools,homeless,Non-Homeless,08,AIM,ELA,,,,,,
2020-21,Walla Walla Public Schools,Military,Non Military Parent,08,AIM,ELA,,,,,,
2020-21,Walla Walla Public Schools,Race,White,08,AIM,ELA,,,,,,
2020-21,Walla Walla Public Schools,s504,Non Section 504,08,AIM,ELA,,,,,,
2020-21,Walla Walla Public Schools,SWD,Students with Disabilities,08,AIM,ELA,,,,,,
2020-21,Walla Walla Public Schools,All,All Students,08,AIM,Math,,,,,,
2020-21,Walla Walla Public Schools,ELL,Non-English Language Learners,08,AIM,Math,,,,,,
2020-21,Walla Walla Public Schools,Foster,Non-Foster Care,08,AIM,Math,,,,,,
2020-21,Walla Walla Public Schools,FRL,Non-Low Income,08,AIM,Math,,,,,,
2020-21,Walla Walla Public Schools,FRL,Low-Income,08,AIM,Math,,,,,,
2020-21,Walla Walla Public Schools,Gender,Female,08,AIM,Math,,,,,,
2020-21,Walla Walla Public Schools,Gender,Male,08,AIM,Math,,,,,,
2020-21,Walla Walla Public Schools,homeless,Non-Homeless,08,AIM,Math,,,,,,
2020-21,Walla Walla Public Schools,Military,Non Military Parent,08,AIM,Math,,,,,,
2020-21,Walla Walla Public Schools,Race,Hispanic/ Latino of any race(s),08,AIM,Math,,,,,,
2020-21,Walla Walla Public Schools,Race,White,08,AIM,Math,,,,,,
2020-21,Walla Walla Public Schools,s504,Non Section 504,08,AIM,Math,,,,,,
2020-21,Walla Walla Public Schools,SWD,Students with Disabilities,08,AIM,Math,,,,,,
2020-21,Walla Walla Public Schools,All,All Students,08,SBAC,ELA,0.2779097387173,0.2042755344418,0.3111638954869,0.1662707838479,0.0403800475059,0.959619952494
2020-21,Walla Walla Public Schools,ELL,English Language Learners,08,SBAC,ELA,,,,,,
2020-21,Walla Walla Public Schools,Foster,Foster Care,08,SBAC,ELA,,,,,,
2020-21,Walla Walla Public Schools,FRL,Non-Low Income,08,SBAC,ELA,0.1336898395721,0.1711229946524,0.3903743315508,0.2780748663101,0.0267379679144,0.9732620320855
2020-21,Walla Walla Public Schools,FRL,Low-Income,08,SBAC,ELA,0.3931623931623,0.2307692307692,0.2478632478632,0.076923076923,0.051282051282,0.9487179487179
2020-21,Walla Walla Public Schools,Gender,Gender X,08,SBAC,ELA,,,,,,
2020-21,Walla Walla Public Schools,Gender,Male,08,SBAC,ELA,0.3316831683168,0.2227722772277,0.2871287128712,0.1287128712871,0.029702970297,0.9702970297029
2020-21,Walla Walla Public Schools,Gender,Female,08,SBAC,ELA,0.2314814814814,0.1898148148148,0.3379629629629,0.1898148148148,0.0509259259259,0.949074074074
2020-21,Walla Walla Public Schools,homeless,Homeless,08,SBAC,ELA,,,,,,
2020-21,Walla Walla Public Schools,Migrant,Non Migrant,08,SBAC,ELA,0.2746987951807,0.2048192771084,0.3108433734939,0.1686746987951,0.0409638554216,0.9590361445783
2020-21,Walla Walla Public Schools,Military,Military Parent,08,SBAC,ELA,,,,,,
2020-21,Walla Walla Public Schools,ELL,English Language Learners,09,AIM,Math,,,,,,
2020-21,Walla Walla Public Schools,Military,Non Military Parent,08,SBAC,ELA,0.2805755395683,0.2014388489208,0.3117505995203,0.1654676258992,0.0407673860911,0.9592326139088
2020-21,Walla Walla Public Schools,Race,American Indian/ Alaskan Native,08,SBAC,ELA,,,,,,
2020-21,Walla Walla Public Schools,Race,Black/ African American,08,SBAC,ELA,,,,,,
2020-21,Walla Walla Public Schools,Race,Asian,08,SBAC,ELA,,,,,,
2020-21,Walla Walla Public Schools,Race,TwoorMoreRaces,08,SBAC,ELA,0.1111111111111,0.2222222222222,0.3333333333333,0.1666666666666,0.1666666666666,0.8333333333333
2020-21,Walla Walla Public Schools,Race,Hispanic/ Latino of any race(s),08,SBAC,ELA,0.3771428571428,0.2628571428571,0.2571428571428,0.08,0.0228571428571,0.9771428571428
2020-21,Walla Walla Public Schools,Race,White,08,SBAC,ELA,0.2090909090909,0.1636363636363,0.3545454545454,0.2272727272727,0.0454545454545,0.9545454545454
2020-21,Walla Walla Public Schools,s504,Section 504,08,SBAC,ELA,0.3333333333333,0.2916666666666,0.125,0.2083333333333,0.0416666666666,0.9583333333333
2020-21,Walla Walla Public Schools,s504,Non Section 504,08,SBAC,ELA,0.2745591939546,0.1989924433249,0.3224181360201,0.1637279596977,0.0403022670025,0.9596977329974
2020-21,Walla Walla Public Schools,SWD,Students with Disabilities,08,SBAC,ELA,0.6964285714285,0.125,0.0714285714285,0.0178571428571,0.0892857142857,0.9107142857142
2020-21,Walla Walla Public Schools,All,All Students,08,SBAC,Math,0.418052256532,0.2684085510688,0.1781472684085,0.0973871733966,0.0380047505938,0.9619952494061
2020-21,Walla Walla Public Schools,ELL,English Language Learners,08,SBAC,Math,,,,,,
2020-21,Walla Walla Public Schools,ELL,Non-English Language Learners,08,SBAC,Math,0.3681462140992,0.2924281984334,0.195822454308,0.107049608355,0.0365535248041,0.9634464751958
2020-21,Walla Walla Public Schools,Foster,Foster Care,08,SBAC,Math,,,,,,
2020-21,Walla Walla Public Schools,FRL,Non-Low Income,08,SBAC,Math,0.235294117647,0.2887700534759,0.2459893048128,0.2032085561497,0.0267379679144,0.9732620320855
2020-21,Walla Walla Public Schools,FRL,Low-Income,08,SBAC,Math,0.5641025641025,0.2521367521367,0.1239316239316,0.0128205128205,0.0470085470085,0.9529914529914
2020-21,Walla Walla Public Schools,Gender,Gender X,08,SBAC,Math,,,,,,
2020-21,Walla Walla Public Schools,Gender,Female,08,SBAC,Math,0.412037037037,0.25,0.2083333333333,0.0833333333333,0.0462962962962,0.9537037037037
2020-21,Walla Walla Public Schools,homeless,Homeless,08,SBAC,Math,,,,,,
2020-21,Walla Walla Public Schools,Migrant,Migrant,08,SBAC,Math,,,,,,
2020-21,Walla Walla Public Schools,Migrant,Non Migrant,08,SBAC,Math,0.412048192771,0.2698795180722,0.1807228915662,0.0987951807228,0.0385542168674,0.9614457831325
2020-21,Walla Walla Public Schools,Military,Military Parent,08,SBAC,Math,,,,,,
2020-21,Walla Walla Public Schools,ELL,Non-English Language Learners,09,AIM,Math,,,,,,
2020-21,Walla Walla Public Schools,Military,Non Military Parent,08,SBAC,Math,0.4196642685851,0.2661870503597,0.1774580335731,0.0983213429256,0.0383693045563,0.9616306954436
2020-21,Walla Walla Public Schools,Race,American Indian/ Alaskan Native,08,SBAC,Math,,,,,,
2020-21,Walla Walla Public Schools,Race,Black/ African American,08,SBAC,Math,,,,,,
2020-21,Walla Walla Public Schools,Race,Asian,08,SBAC,Math,,,,,,
2020-21,Walla Walla Public Schools,Race,TwoorMoreRaces,08,SBAC,Math,0.2777777777777,0.2777777777777,0.1666666666666,0.1666666666666,0.1111111111111,0.8888888888888
2020-21,Walla Walla Public Schools,Race,Hispanic/ Latino of any race(s),08,SBAC,Math,0.6,0.2342857142857,0.12,0.0228571428571,0.0228571428571,0.9771428571428
2020-21,Walla Walla Public Schools,Race,White,08,SBAC,Math,0.2954545454545,0.2863636363636,0.2227272727272,0.15,0.0454545454545,0.9545454545454
2020-21,Walla Walla Public Schools,s504,Section 504,08,SBAC,Math,0.2083333333333,0.5,0.0833333333333,0.125,0.0833333333333,0.9166666666666
2020-21,Walla Walla Public Schools,s504,Non Section 504,08,SBAC,Math,0.4307304785894,0.2544080604534,0.1838790931989,0.0957178841309,0.0352644836272,0.9647355163727
2020-21,Walla Walla Public Schools,SWD,Students with Disabilities,08,SBAC,Math,,,,,,
2020-21,Walla Walla Public Schools,SWD,Students without Disabilities,08,SBAC,Math,0.372602739726,0.2876712328767,0.2054794520547,0.1068493150684,0.0273972602739,0.972602739726
2020-21,Walla Walla Public Schools,All,All Students,09,AIM,ELA,,,,,,
2020-21,Walla Walla Public Schools,ELL,English Language Learners,09,AIM,ELA,,,,,,
2020-21,Walla Walla Public Schools,ELL,Non-English Language Learners,09,AIM,ELA,,,,,,
2020-21,Walla Walla Public Schools,Foster,Non-Foster Care,09,AIM,ELA,,,,,,
2020-21,Walla Walla Public Schools,FRL,Low-Income,09,AIM,ELA,,,,,,
2020-21,Walla Walla Public Schools,Gender,Female,09,AIM,ELA,,,,,,
2020-21,Walla Walla Public Schools,Gender,Male,09,AIM,ELA,,,,,,
2020-21,Walla Walla Public Schools,homeless,Non-Homeless,09,AIM,ELA,,,,,,
2020-21,Walla Walla Public Schools,Military,Non Military Parent,09,AIM,ELA,,,,,,
2020-21,Walla Walla Public Schools,Race,White,09,AIM,ELA,,,,,,
2020-21,Walla Walla Public Schools,s504,Non Section 504,09,AIM,ELA,,,,,,
2020-21,Walla Walla Public Schools,SWD,Students with Disabilities,09,AIM,ELA,,,,,,
2020-21,Walla Walla Public Schools,All,All Students,09,AIM,Math,,,,,,
2020-21,Walla Walla Public Schools,Foster,Non-Foster Care,09,AIM,Math,,,,,,
2020-21,Walla Walla Public Schools,FRL,Low-Income,09,AIM,Math,,,,,,
2020-21,Walla Walla Public Schools,Gender,Female,09,AIM,Math,,,,,,
2020-21,Walla Walla Public Schools,Gender,Male,09,AIM,Math,,,,,,
2020-21,Walla Walla Public Schools,homeless,Non-Homeless,09,AIM,Math,,,,,,
2020-21,Walla Walla Public Schools,Migrant,Non Migrant,09,AIM,Math,,,,,,
2020-21,Walla Walla Public Schools,Military,Non Military Parent,09,AIM,Math,,,,,,
2020-21,Walla Walla Public Schools,Race,White,09,AIM,Math,,,,,,
2020-21,Walla Walla Public Schools,Race,Hispanic/ Latino of any race(s),09,AIM,Math,,,,,,
2020-21,Walla Walla Public Schools,s504,Non Section 504,09,AIM,Math,,,,,,
2020-21,Walla Walla Public Schools,SWD,Students with Disabilities,09,AIM,Math,,,,,,
2020-21,Walla Walla Public Schools,All,All Students,09,SBAC,ELA,0.1995565410199,0.2572062084257,0.290465631929,0.1596452328159,0.0931263858093,0.9068736141906
2020-21,Walla Walla Public Schools,ELL,English Language Learners,09,SBAC,ELA,,,,,,
2020-21,Walla Walla Public Schools,ELL,Non-English Language Learners,09,SBAC,ELA,0.1439024390243,0.2634146341463,0.3170731707317,0.1756097560975,0.1,0.9
2020-21,Walla Walla Public Schools,Foster,Foster Care,09,SBAC,ELA,,,,,,
2020-21,Walla Walla Public Schools,FRL,Non-Low Income,09,SBAC,ELA,0.0926829268292,0.2341463414634,0.3317073170731,0.2487804878048,0.0926829268292,0.9073170731707
2020-21,Walla Walla Public Schools,FRL,Low-Income,09,SBAC,ELA,0.2886178861788,0.2764227642276,0.2560975609756,0.0853658536585,0.0934959349593,0.9065040650406
2020-21,Walla Walla Public Schools,Gender,Gender X,09,SBAC,ELA,,,,,,
2020-21,Walla Walla Public Schools,Gender,Female,09,SBAC,ELA,0.1666666666666,0.2307692307692,0.3076923076923,0.1965811965811,0.0982905982905,0.9017094017094
2020-21,Walla Walla Public Schools,homeless,Homeless,09,SBAC,ELA,,,,,,
2020-21,Walla Walla Public Schools,Migrant,Non Migrant,09,SBAC,ELA,0.1936936936936,0.2567567567567,0.295045045045,0.1621621621621,0.0923423423423,0.9076576576576
2020-21,Walla Walla Public Schools,Military,Military Parent,09,SBAC,ELA,,,,,,
2020-21,Walla Walla Public Schools,Military,Non Military Parent,09,SBAC,ELA,0.1986455981941,0.2573363431151,0.2889390519187,0.1602708803611,0.0948081264108,0.9051918735891
2020-21,Walla Walla Public Schools,Race,Native Hawaiian/ Other Pacific Islander,09,SBAC,ELA,,,,,,
2020-21,Walla Walla Public Schools,Race,American Indian/ Alaskan Native,09,SBAC,ELA,,,,,,
2020-21,Walla Walla Public Schools,Race,Black/ African American,09,SBAC,ELA,,,,,,
2020-21,Walla Walla Public Schools,Race,Hispanic/ Latino of any race(s),09,SBAC,ELA,0.3005464480874,0.311475409836,0.2786885245901,0.0601092896174,0.0491803278688,0.9508196721311
2020-21,Walla Walla Public Schools,Race,White,09,SBAC,ELA,0.1295546558704,0.2226720647773,0.3036437246963,0.2186234817813,0.1255060728744,0.8744939271255
2020-21,Walla Walla Public Schools,s504,Section 504,09,SBAC,ELA,0.2142857142857,0.3571428571428,0.3214285714285,0.0357142857142,0.0714285714285,0.9285714285714
2020-21,Walla Walla Public Schools,SWD,Students with Disabilities,09,SBAC,ELA,0.5223880597014,0.2089552238805,0.0895522388059,0.0149253731343,0.1641791044776,0.8358208955223
2020-21,Walla Walla Public Schools,All,All Students,09,SBAC,Math,0.4257206208425,0.2815964523281,0.110864745011,0.0975609756097,0.0842572062084,0.9157427937915
2020-21,Walla Walla Public Schools,ELL,English Language Learners,09,SBAC,Math,,,,,,
2020-21,Walla Walla Public Schools,ELL,Non-English Language Learners,09,SBAC,Math,0.3878048780487,0.3,0.1219512195121,0.1073170731707,0.0829268292682,0.9170731707317
2020-21,Walla Walla Public Schools,Foster,Non-Foster Care,09,SBAC,Math,0.4228187919463,0.2841163310961,0.1118568232662,0.0984340044742,0.082774049217,0.9172259507829
2020-21,Walla Walla Public Schools,Gender,Male,11,AIM,ELA,,,,,,
2020-21,Walla Walla Public Schools,FRL,Non-Low Income,09,SBAC,Math,0.2926829268292,0.3024390243902,0.1512195121951,0.180487804878,0.0731707317073,0.9268292682926
2020-21,Walla Walla Public Schools,FRL,Low-Income,09,SBAC,Math,0.5365853658536,0.2642276422764,0.0772357723577,0.0284552845528,0.0934959349593,0.9065040650406
2020-21,Walla Walla Public Schools,Gender,Male,09,SBAC,Math,0.4279069767441,0.2790697674418,0.1023255813953,0.106976744186,0.0837209302325,0.9162790697674
2020-21,Walla Walla Public Schools,Gender,Female,09,SBAC,Math,0.4230769230769,0.2820512820512,0.1196581196581,0.0897435897435,0.08547008547,0.9145299145299
2020-21,Walla Walla Public Schools,homeless,Homeless,09,SBAC,Math,,,,,,
2020-21,Walla Walla Public Schools,homeless,Non-Homeless,09,SBAC,Math,0.429213483146,0.2808988764044,0.1123595505617,0.0966292134831,0.0808988764044,0.9191011235955
2020-21,Walla Walla Public Schools,Military,Military Parent,09,SBAC,Math,,,,,,
2020-21,Walla Walla Public Schools,Military,Non Military Parent,09,SBAC,Math,0.4266365688487,0.2799097065462,0.1106094808126,0.0970654627539,0.0857787810383,0.9142212189616
2020-21,Walla Walla Public Schools,Race,Native Hawaiian/ Other Pacific Islander,09,SBAC,Math,,,,,,
2020-21,Walla Walla Public Schools,Race,American Indian/ Alaskan Native,09,SBAC,Math,,,,,,
2020-21,Walla Walla Public Schools,Race,Black/ African American,09,SBAC,Math,,,,,,
2020-21,Walla Walla Public Schools,Race,Hispanic/ Latino of any race(s),09,SBAC,Math,0.6065573770491,0.2459016393442,0.0710382513661,0.0218579234972,0.0546448087431,0.9453551912568
2020-21,Walla Walla Public Schools,s504,Section 504,09,SBAC,Math,0.2857142857142,0.4642857142857,0.1071428571428,0.0357142857142,0.1071428571428,0.8928571428571
2020-21,Walla Walla Public Schools,SWD,Students with Disabilities,09,SBAC,Math,,,,,,
2020-21,Walla Walla Public Schools,SWD,Students without Disabilities,09,SBAC,Math,0.3697916666666,0.3177083333333,0.1276041666666,0.1145833333333,0.0703125,0.9296875
2020-21,Walla Walla Public Schools,All,All Students,11,AIM,ELA,,,,,,
2020-21,Walla Walla Public Schools,ELL,Non-English Language Learners,11,AIM,ELA,,,,,,
2020-21,Walla Walla Public Schools,Foster,Non-Foster Care,11,AIM,ELA,,,,,,
2020-21,Walla Walla Public Schools,Gender,Female,11,AIM,ELA,,,,,,
2020-21,Walla Walla Public Schools,homeless,Non-Homeless,11,AIM,ELA,,,,,,
2020-21,Walla Walla Public Schools,Military,Non Military Parent,11,AIM,ELA,,,,,,
2020-21,Walla Walla Public Schools,Race,Hispanic/ Latino of any race(s),11,AIM,ELA,,,,,,
2020-21,Walla Walla Public Schools,Race,White,11,AIM,ELA,,,,,,
2020-21,Walla Walla Public Schools,s504,Non Section 504,11,AIM,ELA,,,,,,
2020-21,Walla Walla Public Schools,SWD,Students with Disabilities,11,AIM,ELA,,,,,,
2020-21,Walla Walla Public Schools,All,All Students,11,AIM,Math,,,,,,
2020-21,Walla Walla Public Schools,ELL,Non-English Language Learners,11,AIM,Math,,,,,,
2020-21,Walla Walla Public Schools,Foster,Non-Foster Care,11,AIM,Math,,,,,,
2020-21,Walla Walla Public Schools,FRL,Non-Low Income,11,AIM,Math,,,,,,
2020-21,Walla Walla Public Schools,Gender,Male,11,AIM,Math,,,,,,
2020-21,Walla Walla Public Schools,Gender,Female,11,AIM,Math,,,,,,
2020-21,Walla Walla Public Schools,homeless,Non-Homeless,11,AIM,Math,,,,,,
2020-21,Walla Walla Public Schools,Migrant,Non Migrant,11,AIM,Math,,,,,,
2020-21,Walla Walla Public Schools,Military,Non Military Parent,11,AIM,Math,,,,,,
2020-21,Walla Walla Public Schools,Race,Hispanic/ Latino of any race(s),11,AIM,Math,,,,,,
2020-21,Walla Walla Public Schools,Race,White,11,AIM,Math,,,,,,
2020-21,Walla Walla Public Schools,s504,Non Section 504,11,AIM,Math,,,,,,
2020-21,Walla Walla Public Schools,SWD,Students with Disabilities,11,AIM,Math,,,,,,
2020-21,Walla Walla Public Schools,All,All Students,11,SBAC,ELA,0.1712473572938,0.2093023255813,0.2515856236786,0.2790697674418,0.0887949260042,0.9112050739957
2020-21,Walla Walla Public Schools,ELL,English Language Learners,11,SBAC,ELA,,,,,,
2020-21,Walla Walla Public Schools,ELL,Non-English Language Learners,11,SBAC,ELA,0.1338028169014,0.1995305164319,0.2746478873239,0.3098591549295,0.0821596244131,0.9178403755868
2020-21,Walla Walla Public Schools,Foster,Foster Care,11,SBAC,ELA,,,,,,
2020-21,Walla Walla Public Schools,Foster,Non-Foster Care,11,SBAC,ELA,0.1719745222929,0.2101910828025,0.2505307855626,0.2781316348195,0.0891719745222,0.9108280254777
2020-21,Walla Walla Public Schools,FRL,Low-Income,11,SBAC,ELA,0.2264957264957,0.2820512820512,0.2222222222222,0.1623931623931,0.1068376068376,0.8931623931623
2020-21,Walla Walla Public Schools,FRL,Non-Low Income,11,SBAC,ELA,0.1171548117154,0.1380753138075,0.2803347280334,0.3933054393305,0.0711297071129,0.928870292887
2020-21,Walla Walla Public Schools,Gender,Gender X,11,SBAC,ELA,,,,,,
2020-21,Walla Walla Public Schools,Gender,Female,11,SBAC,ELA,0.1705069124423,0.2027649769585,0.258064516129,0.2811059907834,0.0875576036866,0.9124423963133
2020-21,Walla Walla Public Schools,Gender,Male,11,SBAC,ELA,0.1746031746031,0.2182539682539,0.25,0.265873015873,0.0912698412698,0.9087301587301
2020-21,Walla Walla Public Schools,homeless,Homeless,11,SBAC,ELA,,,,,,
2020-21,Walla Walla Public Schools,homeless,Non-Homeless,11,SBAC,ELA,0.1705756929637,0.2110874200426,0.2494669509594,0.2814498933901,0.0874200426439,0.912579957356
2020-21,Walla Walla Public Schools,Migrant,Migrant,11,SBAC,ELA,,,,,,
2020-21,Walla Walla Public Schools,Military,Military Parent,11,SBAC,ELA,,,,,,
2020-21,Walla Walla Public Schools,Military,Non Military Parent,11,SBAC,ELA,0.1734475374732,0.2077087794432,0.2505353319057,0.2783725910064,0.0899357601713,0.9100642398286
2020-21,Walla Walla Public Schools,Race,Asian,11,SBAC,ELA,,,,,,
2020-21,Walla Walla Public Schools,Race,American Indian/ Alaskan Native,11,SBAC,ELA,,,,,,
2020-21,Walla Walla Public Schools,Race,Black/ African American,11,SBAC,ELA,,,,,,
2020-21,Walla Walla Public Schools,Race,TwoorMoreRaces,11,SBAC,ELA,0.3571428571428,0.2857142857142,0.0714285714285,0.2142857142857,0.0714285714285,0.9285714285714
2020-21,Walla Walla Public Schools,Race,Hispanic/ Latino of any race(s),11,SBAC,ELA,0.2514285714285,0.28,0.2628571428571,0.1371428571428,0.0685714285714,0.9314285714285
2020-21,Walla Walla Public Schools,Race,White,11,SBAC,ELA,0.0973782771535,0.1573033707865,0.250936329588,0.3895131086142,0.1048689138576,0.8951310861423
2020-21,Walla Walla Public Schools,s504,Section 504,11,SBAC,ELA,0.090909090909,0.2424242424242,0.1818181818181,0.4545454545454,0.030303030303,0.9696969696969
2020-21,Walla Walla Public Schools,s504,Non Section 504,11,SBAC,ELA,0.1772727272727,0.2068181818181,0.2568181818181,0.265909090909,0.0931818181818,0.9068181818181
2020-21,Walla Walla Public Schools,SWD,Students with Disabilities,11,SBAC,ELA,0.5454545454545,0.1636363636363,0.0727272727272,0.0181818181818,0.2,0.8
2020-21,Walla Walla Public Schools,SWD,Students without Disabilities,11,SBAC,ELA,0.1220095693779,0.2153110047846,0.2751196172248,0.3133971291866,0.0741626794258,0.9258373205741
2020-21,Walla Walla Public Schools,All,All Students,11,SBAC,Math,0.4599156118143,0.2383966244725,0.1223628691983,0.0886075949367,0.090717299578,0.9092827004219
2020-21,Walla Walla Public Schools,ELL,English Language Learners,11,SBAC,Math,,,,,,
2020-21,Walla Walla Public Schools,SWD,Students with Disabilities,11,SBAC,Math,,,,,,
2020-21,Walla Walla Public Schools,ELL,Non-English Language Learners,11,SBAC,Math,0.4154929577464,0.2652582159624,0.1361502347417,0.0985915492957,0.0845070422535,0.9154929577464
2020-21,Walla Walla Public Schools,Foster,Foster Care,11,SBAC,Math,,,,,,
2020-21,Walla Walla Public Schools,Foster,Non-Foster Care,11,SBAC,Math,0.457627118644,0.239406779661,0.1228813559322,0.0889830508474,0.0911016949152,0.9088983050847
2020-21,Walla Walla Public Schools,FRL,Low-Income,11,SBAC,Math,0.6025641025641,0.2008547008547,0.0726495726495,0.0128205128205,0.1111111111111,0.8888888888888
2020-21,Walla Walla Public Schools,FRL,Non-Low Income,11,SBAC,Math,0.3208333333333,0.275,0.1708333333333,0.1625,0.0708333333333,0.9291666666666
2020-21,Walla Walla Public Schools,Gender,Gender X,11,SBAC,Math,,,,,,
2020-21,Walla Walla Public Schools,Gender,Female,11,SBAC,Math,0.4930875576036,0.258064516129,0.0967741935483,0.0783410138248,0.073732718894,0.9262672811059
2020-21,Walla Walla Public Schools,Gender,Male,11,SBAC,Math,0.4387351778656,0.2213438735177,0.1422924901185,0.090909090909,0.1067193675889,0.893280632411
2020-21,Walla Walla Public Schools,homeless,Homeless,11,SBAC,Math,,,,,,
2020-21,Walla Walla Public Schools,homeless,Non-Homeless,11,SBAC,Math,0.4595744680851,0.2382978723404,0.1234042553191,0.0893617021276,0.0893617021276,0.9106382978723
2020-21,Walla Walla Public Schools,Migrant,Migrant,11,SBAC,Math,,,,,,
2020-21,Walla Walla Public Schools,Migrant,Non Migrant,11,SBAC,Math,0.4518201284796,0.2419700214132,0.1241970021413,0.0899357601713,0.0920770877944,0.9079229122055
2020-21,Walla Walla Public Schools,Military,Military Parent,11,SBAC,Math,,,,,,
2020-21,Walla Walla Public Schools,Military,Non Military Parent,11,SBAC,Math,0.4615384615384,0.2371794871794,0.1217948717948,0.0876068376068,0.0918803418803,0.9081196581196
2020-21,Walla Walla Public Schools,Race,Asian,11,SBAC,Math,,,,,,
2020-21,Walla Walla Public Schools,Race,American Indian/ Alaskan Native,11,SBAC,Math,,,,,,
2020-21,Walla Walla Public Schools,Race,Black/ African American,11,SBAC,Math,,,,,,
2020-21,Walla Walla Public Schools,Race,TwoorMoreRaces,11,SBAC,Math,0.5,0.2142857142857,0.0714285714285,0.1428571428571,0.0714285714285,0.9285714285714
2020-21,Walla Walla Public Schools,Race,Hispanic/ Latino of any race(s),11,SBAC,Math,0.6228571428571,0.24,0.0514285714285,0.0171428571428,0.0685714285714,0.9314285714285
2020-21,Walla Walla Public Schools,Race,White,11,SBAC,Math,0.3395522388059,0.2388059701492,0.1753731343283,0.1380597014925,0.1082089552238,0.8917910447761
2020-21,Walla Walla Public Schools,s504,Section 504,11,SBAC,Math,0.4545454545454,0.3030303030303,0.1212121212121,0.090909090909,0.030303030303,0.9696969696969
2020-21,Walla Walla Public Schools,s504,Non Section 504,11,SBAC,Math,0.4603174603174,0.2335600907029,0.1224489795918,0.0884353741496,0.095238095238,0.9047619047619
2020-21,Walla Walla Public Schools,SWD,Students without Disabilities,11,SBAC,Math,0.4224343675417,0.2649164677804,0.1384248210023,0.1002386634844,0.0739856801909,0.926014319809
2020-21,Walla Walla Public Schools,All,All Students,All Grades,AIM,ELA,0.235294117647,0.3529411764705,0.3529411764705,0.0588235294117,0.0,1.0
2020-21,Walla Walla Public Schools,ELL,English Language Learners,All Grades,AIM,ELA,,,,,,
2020-21,Walla Walla Public Schools,ELL,Non-English Language Learners,All Grades,AIM,ELA,0.2692307692307,0.3461538461538,0.3076923076923,0.076923076923,0.0,1.0
2020-21,Walla Walla Public Schools,Foster,Non-Foster Care,All Grades,AIM,ELA,0.235294117647,0.3529411764705,0.3529411764705,0.0588235294117,0.0,1.0
2020-21,Walla Walla Public Schools,FRL,Non-Low Income,All Grades,AIM,ELA,,,,,,
2020-21,Walla Walla Public Schools,FRL,Low-Income,All Grades,AIM,ELA,0.125,0.375,0.4166666666666,0.0833333333333,0.0,1.0
2020-21,Walla Walla Public Schools,Gender,Female,All Grades,AIM,ELA,0.3333333333333,0.3333333333333,0.3333333333333,0.0,0.0,1.0
2020-21,Walla Walla Public Schools,Gender,Male,All Grades,AIM,ELA,0.1818181818181,0.3636363636363,0.3636363636363,0.090909090909,0.0,1.0
2020-21,Walla Walla Public Schools,homeless,Non-Homeless,All Grades,AIM,ELA,0.235294117647,0.3529411764705,0.3529411764705,0.0588235294117,0.0,1.0
2020-21,Walla Walla Public Schools,Migrant,Non Migrant,All Grades,AIM,ELA,0.235294117647,0.3529411764705,0.3529411764705,0.0588235294117,0.0,1.0
2020-21,Walla Walla Public Schools,Military,Non Military Parent,All Grades,AIM,ELA,0.235294117647,0.3529411764705,0.3529411764705,0.0588235294117,0.0,1.0
2020-21,Walla Walla Public Schools,Race,TwoorMoreRaces,All Grades,AIM,ELA,,,,,,
2020-21,Walla Walla Public Schools,Race,White,All Grades,AIM,ELA,0.2,0.4666666666666,0.3333333333333,0.0,0.0,1.0
2020-21,Walla Walla Public Schools,Race,Hispanic/ Latino of any race(s),All Grades,AIM,ELA,0.2777777777777,0.2777777777777,0.3888888888888,0.0555555555555,0.0,1.0
2020-21,Walla Walla Public Schools,s504,Non Section 504,All Grades,AIM,ELA,0.235294117647,0.3529411764705,0.3529411764705,0.0588235294117,0.0,1.0
2020-21,Walla Walla Public Schools,SWD,Students with Disabilities,All Grades,AIM,ELA,0.235294117647,0.3529411764705,0.3529411764705,0.0588235294117,0.0,1.0
2020-21,Walla Walla Public Schools,All,All Students,All Grades,AIM,Math,0.0882352941176,0.3529411764705,0.3823529411764,0.1764705882352,0.0,1.0
2020-21,Walla Walla Public Schools,ELL,English Language Learners,All Grades,AIM,Math,,,,,,
2020-21,Walla Walla Public Schools,ELL,Non-English Language Learners,All Grades,AIM,Math,0.0384615384615,0.3076923076923,0.4615384615384,0.1923076923076,0.0,1.0
2020-21,Walla Walla Public Schools,Foster,Non-Foster Care,All Grades,AIM,Math,0.0882352941176,0.3529411764705,0.3823529411764,0.1764705882352,0.0,1.0
2020-21,Walla Walla Public Schools,FRL,Low-Income,All Grades,AIM,Math,0.125,0.25,0.4166666666666,0.2083333333333,0.0,1.0
2020-21,Walla Walla Public Schools,Gender,Female,All Grades,AIM,Math,0.0,0.4166666666666,0.5,0.0833333333333,0.0,1.0
2020-21,Walla Walla Public Schools,Migrant,Non Migrant,All Grades,AIM,Math,0.0882352941176,0.3529411764705,0.3823529411764,0.1764705882352,0.0,1.0
2020-21,Walla Walla Public Schools,Military,Non Military Parent,All Grades,AIM,Math,0.0882352941176,0.3529411764705,0.3823529411764,0.1764705882352,0.0,1.0
2020-21,Walla Walla Public Schools,Race,TwoorMoreRaces,All Grades,AIM,Math,,,,,,
2020-21,Walla Walla Public Schools,Race,White,All Grades,AIM,Math,0.0,0.4666666666666,0.3333333333333,0.2,0.0,1.0
2020-21,Walla Walla Public Schools,s504,Non Section 504,All Grades,AIM,Math,0.0882352941176,0.3529411764705,0.3823529411764,0.1764705882352,0.0,1.0
2020-21,Walla Walla Public Schools,SWD,Students with Disabilities,All Grades,AIM,Math,0.0882352941176,0.3529411764705,0.3823529411764,0.1764705882352,0.0,1.0
2020-21,Walla Walla Public Schools,All,All Students,All Grades,SBAC,ELA,0.2822749476622,0.225401256106,0.238660153524,0.2062107466852,0.0474528960223,0.9525471039776
2020-21,Walla Walla Public Schools,ELL,English Language Learners,All Grades,SBAC,ELA,0.7095808383233,0.1946107784431,0.0389221556886,0.0,0.0568862275449,0.943113772455
2020-21,Walla Walla Public Schools,ELL,Non-English Language Learners,All Grades,SBAC,ELA,0.2259083728278,0.2294628751974,0.2650078988941,0.2334123222748,0.0462085308056,0.9537914691943
2020-21,Walla Walla Public Schools,Foster,Foster Care,All Grades,SBAC,ELA,,,,,,
2020-21,Walla Walla Public Schools,Foster,Non-Foster Care,All Grades,SBAC,ELA,0.2820602662929,0.2259985984583,0.2382620882971,0.2063770147161,0.0473020322354,0.9526979677645
2020-21,Walla Walla Public Schools,FRL,Low-Income,All Grades,SBAC,ELA,0.3977900552486,0.2535297728667,0.1853898096992,0.110497237569,0.0527931246163,0.9472068753836
2020-21,Walla Walla Public Schools,Gender,Gender X,All Grades,SBAC,ELA,,,,,,
2020-21,Walla Walla Public Schools,Gender,Female,All Grades,SBAC,ELA,0.2588904694167,0.2162162162162,0.2610241820768,0.2155049786628,0.0483641536273,0.9516358463726
2020-21,Walla Walla Public Schools,Gender,Male,All Grades,SBAC,ELA,0.3066850447966,0.235699517574,0.2184700206753,0.1929703652653,0.0461750516884,0.9538249483115
2020-21,Walla Walla Public Schools,homeless,Non-Homeless,All Grades,SBAC,ELA,0.2789623312011,0.2260127931769,0.2398720682302,0.2089552238805,0.046197583511,0.9538024164889
2020-21,Walla Walla Public Schools,Migrant,Migrant,All Grades,SBAC,ELA,0.5555555555555,0.2777777777777,0.1111111111111,0.0,0.0555555555555,0.9444444444444
2020-21,Walla Walla Public Schools,Migrant,Non Migrant,All Grades,SBAC,ELA,0.2787985865724,0.2247349823321,0.2402826855123,0.2088339222614,0.0473498233215,0.9526501766784
2020-21,Walla Walla Public Schools,Military,Military Parent,All Grades,SBAC,ELA,0.1794871794871,0.2307692307692,0.3076923076923,0.2820512820512,0.0,1.0
2020-21,Walla Walla Public Schools,Military,Non Military Parent,All Grades,SBAC,ELA,0.2836929607357,0.2253272019808,0.2377078174743,0.2051644853201,0.0481075344888,0.9518924655111
2020-21,Walla Walla Public Schools,Race,Native Hawaiian/ Other Pacific Islander,All Grades,SBAC,ELA,,,,,,
2020-21,Walla Walla Public Schools,Race,American Indian/ Alaskan Native,All Grades,SBAC,ELA,0.3636363636363,0.090909090909,0.090909090909,0.2727272727272,0.1818181818181,0.8181818181818
2020-21,Walla Walla Public Schools,Race,Black/ African American,All Grades,SBAC,ELA,0.24,0.24,0.32,0.12,0.08,0.92
2020-21,Walla Walla Public Schools,Race,Asian,All Grades,SBAC,ELA,0.2777777777777,0.1666666666666,0.2222222222222,0.3333333333333,0.0,1.0
2020-21,Walla Walla Public Schools,Race,TwoorMoreRaces,All Grades,SBAC,ELA,0.252427184466,0.252427184466,0.1941747572815,0.2330097087378,0.0679611650485,0.9320388349514
2020-21,Walla Walla Public Schools,Race,White,All Grades,SBAC,ELA,0.1961690885072,0.1961690885072,0.2608982826948,0.2919418758256,0.0548216644649,0.945178335535
2020-21,Walla Walla Public Schools,s504,Section 504,All Grades,SBAC,ELA,0.2357142857142,0.2571428571428,0.2357142857142,0.2285714285714,0.0428571428571,0.9571428571428
2020-21,Walla Walla Public Schools,s504,Non Section 504,All Grades,SBAC,ELA,0.2846661775495,0.2237710931768,0.2388114453411,0.2050623624358,0.0476889214966,0.9523110785033
2020-21,Walla Walla Public Schools,SWD,Students with Disabilities,All Grades,SBAC,ELA,0.6201372997711,0.1716247139588,0.0640732265446,0.045766590389,0.0983981693363,0.9016018306636
2020-21,Walla Walla Public Schools,SWD,Students without Disabilities,All Grades,SBAC,ELA,0.2214903252367,0.23507616303,0.2700699876492,0.23507616303,0.0382873610539,0.961712638946
2020-21,Walla Walla Public Schools,All,All Students,All Grades,SBAC,Math,0.4405301709103,0.2525287757237,0.1447506103941,0.1164980816184,0.0456923613533,0.9543076386466
2020-21,Walla Walla Public Schools,ELL,English Language Learners,All Grades,SBAC,Math,0.8179104477611,0.1014925373134,0.0179104477611,0.0,0.0626865671641,0.9373134328358
2020-21,Walla Walla Public Schools,ELL,Non-English Language Learners,All Grades,SBAC,Math,0.3906003159557,0.2725118483412,0.161532385466,0.1319115323854,0.0434439178515,0.9565560821484
2020-21,Walla Walla Public Schools,Foster,Non-Foster Care,All Grades,SBAC,Math,0.4392294220665,0.2528896672504,0.1453590192644,0.1169877408056,0.0455341506129,0.954465849387
2020-21,Walla Walla Public Schools,FRL,Non-Low Income,All Grades,SBAC,Math,0.2657512116316,0.2681744749596,0.2075928917609,0.2221324717285,0.0363489499192,0.9636510500807
2020-21,Walla Walla Public Schools,FRL,Low-Income,All Grades,SBAC,Math,0.573357888275,0.2406384284837,0.0969920196439,0.0362185389809,0.0527931246163,0.9472068753836
2020-21,Walla Walla Public Schools,Gender,Gender X,All Grades,SBAC,Math,,,,,,
2020-21,Walla Walla Public Schools,Gender,Female,All Grades,SBAC,Math,0.456614509246,0.2610241820768,0.1401137980085,0.0995732574679,0.0426742532005,0.9573257467994
2020-21,Walla Walla Public Schools,Gender,Male,All Grades,SBAC,Math,0.426997245179,0.2444903581267,0.1480716253443,0.1315426997245,0.0488980716253,0.9511019283746
2020-21,Walla Walla Public Schools,homeless,Homeless,All Grades,SBAC,Math,0.5576923076923,0.25,0.0384615384615,0.0384615384615,0.1153846153846,0.8846153846153
2020-21,Walla Walla Public Schools,homeless,Non-Homeless,All Grades,SBAC,Math,0.4383658969804,0.2525754884547,0.1467140319715,0.1179396092362,0.044404973357,0.9555950266429
2020-21,Walla Walla Public Schools,Migrant,Migrant,All Grades,SBAC,Math,,,,,,
2020-21,Walla Walla Public Schools,Migrant,Non Migrant,All Grades,SBAC,Math,0.4358883786647,0.2543270929,0.1465913104909,0.1179795125397,0.0452137054044,0.9547862945955
2020-21,Walla Walla Public Schools,Race,Black/ African American,All Grades,SBAC,Math,,,,,,
2020-21,Walla Walla Public Schools,Race,Native Hawaiian/ Other Pacific Islander,All Grades,SBAC,Math,,,,,,
2020-21,Walla Walla Public Schools,Race,American Indian/ Alaskan Native,All Grades,SBAC,Math,0.3636363636363,0.1818181818181,0.1818181818181,0.090909090909,0.1818181818181,0.8181818181818
2020-21,Walla Walla Public Schools,Race,TwoorMoreRaces,All Grades,SBAC,Math,0.3592233009708,0.2912621359223,0.1165048543689,0.1747572815533,0.0582524271844,0.9417475728155
2020-21,Walla Walla Public Schools,Race,Hispanic/ Latino of any race(s),All Grades,SBAC,Math,0.6008510638297,0.2340425531914,0.0961702127659,0.0331914893617,0.035744680851,0.9642553191489
2020-21,Walla Walla Public Schools,Race,White,All Grades,SBAC,Math,0.3234323432343,0.2653465346534,0.1821782178217,0.1768976897689,0.0521452145214,0.9478547854785
2020-21,Walla Walla Public Schools,s504,Section 504,All Grades,SBAC,Math,0.3857142857142,0.3357142857142,0.0928571428571,0.1214285714285,0.0642857142857,0.9357142857142
2020-21,Walla Walla Public Schools,s504,Non Section 504,All Grades,SBAC,Math,0.4433443344334,0.2482581591492,0.1474147414741,0.1162449578291,0.044737807114,0.9552621928859
2020-21,Walla Walla Public Schools,SWD,Students with Disabilities,All Grades,SBAC,Math,0.7368421052631,0.0938215102974,0.0366132723112,0.0274599542334,0.1052631578947,0.8947368421052
2020-21,Walla Walla Public Schools,Race,Asian,09,SBAC,ELA,,,,,,
2020-21,Walla Walla Public Schools,Foster,Non-Foster Care,04,AIM,ELA,,,,,,
2020-21,Walla Walla Public Schools,Military,Non Military Parent,04,AIM,ELA,,,,,,
2020-21,Walla Walla Public Schools,ELL,Non-English Language Learners,04,AIM,Math,,,,,,
2020-21,Walla Walla Public Schools,Foster,Non-Foster Care,04,AIM,Math,,,,,,
2020-21,Walla Walla Public Schools,All,All Students,05,AIM,ELA,,,,,,
2020-21,Walla Walla Public Schools,Foster,Non-Foster Care,05,AIM,ELA,,,,,,
2020-21,Walla Walla Public Schools,Military,Non Military Parent,05,AIM,ELA,,,,,,
2020-21,Walla Walla Public Schools,FRL,Low-Income,05,SBAC,ELA,0.4372093023255,0.2279069767441,0.1627906976744,0.153488372093,0.0186046511627,0.9813953488372
2020-21,Walla Walla Public Schools,Military,Non Military Parent,05,SBAC,ELA,0.3203342618384,0.2284122562674,0.2033426183844,0.233983286908,0.0139275766016,0.9860724233983
2020-21,Walla Walla Public Schools,Race,Hispanic/ Latino of any race(s),05,SBAC,ELA,0.4397163120567,0.2056737588652,0.1914893617021,0.1418439716312,0.0212765957446,0.9787234042553
2020-21,Walla Walla Public Schools,Race,White,05,SBAC,ELA,0.2437810945273,0.2487562189054,0.2139303482587,0.2885572139303,0.0049751243781,0.9950248756218
2020-21,Walla Walla Public Schools,s504,Section 504,05,SBAC,ELA,,,,,,
2020-21,Walla Walla Public Schools,homeless,Homeless,05,SBAC,Math,,,,,,
2020-21,Walla Walla Public Schools,Military,Non Military Parent,05,SBAC,Math,0.3286908077994,0.3064066852367,0.192200557103,0.1559888579387,0.016713091922,0.9832869080779
2020-21,Walla Walla Public Schools,Migrant,Non Migrant,06,AIM,Math,,,,,,
2020-21,Walla Walla Public Schools,homeless,Homeless,06,SBAC,ELA,,,,,,
2020-21,Walla Walla Public Schools,Gender,Male,06,SBAC,Math,0.485,0.205,0.14,0.14,0.03,0.97
2020-21,Walla Walla Public Schools,homeless,Homeless,06,SBAC,Math,,,,,,
2020-21,Walla Walla Public Schools,ELL,English Language Learners,07,AIM,Math,,,,,,
2020-21,Walla Walla Public Schools,Migrant,Non Migrant,07,AIM,Math,,,,,,
2020-21,Walla Walla Public Schools,Foster,Non-Foster Care,07,SBAC,ELA,0.3213429256594,0.2278177458033,0.2613908872901,0.1510791366906,0.0383693045563,0.9616306954436
2020-21,Walla Walla Public Schools,Gender,Female,07,SBAC,ELA,0.2930232558139,0.2325581395348,0.2976744186046,0.1395348837209,0.0372093023255,0.9627906976744
2020-21,Walla Walla Public Schools,SWD,Students with Disabilities,07,SBAC,ELA,0.6578947368421,0.1578947368421,0.0657894736842,0.0394736842105,0.078947368421,0.9210526315789
2020-21,Walla Walla Public Schools,ELL,Non-English Language Learners,07,SBAC,Math,0.4704301075268,0.2419354838709,0.1344086021505,0.1182795698924,0.0349462365591,0.9650537634408
2020-21,Walla Walla Public Schools,Gender,Male,07,SBAC,Math,0.4950980392156,0.1862745098039,0.1323529411764,0.142156862745,0.0441176470588,0.9558823529411
2020-21,Walla Walla Public Schools,homeless,Homeless,07,SBAC,Math,,,,,,
2020-21,Walla Walla Public Schools,ELL,English Language Learners,08,AIM,ELA,,,,,,
2020-21,Walla Walla Public Schools,Gender,Male,08,AIM,ELA,,,,,,
2020-21,Walla Walla Public Schools,Migrant,Non Migrant,08,AIM,ELA,,,,,,
2020-21,Walla Walla Public Schools,Race,Hispanic/ Latino of any race(s),08,AIM,ELA,,,,,,
2020-21,Walla Walla Public Schools,ELL,English Language Learners,08,AIM,Math,,,,,,
2020-21,Walla Walla Public Schools,Migrant,Non Migrant,08,AIM,Math,,,,,,
2020-21,Walla Walla Public Schools,ELL,Non-English Language Learners,08,SBAC,ELA,0.2375979112271,0.2036553524804,0.3368146214099,0.1827676240208,0.0391644908616,0.9608355091383
2020-21,Walla Walla Public Schools,Foster,Non-Foster Care,08,SBAC,ELA,0.2761904761904,0.2047619047619,0.3119047619047,0.1666666666666,0.0404761904761,0.9595238095238
2020-21,Walla Walla Public Schools,homeless,Non-Homeless,08,SBAC,ELA,0.2722891566265,0.2072289156626,0.3132530120481,0.1686746987951,0.0385542168674,0.9614457831325
2020-21,Walla Walla Public Schools,Migrant,Migrant,08,SBAC,ELA,,,,,,
2020-21,Walla Walla Public Schools,SWD,Students without Disabilities,08,SBAC,ELA,0.2136986301369,0.2164383561643,0.3479452054794,0.1890410958904,0.0328767123287,0.9671232876712
2020-21,Walla Walla Public Schools,Foster,Non-Foster Care,08,SBAC,Math,0.4166666666666,0.2690476190476,0.1785714285714,0.097619047619,0.0380952380952,0.9619047619047
2020-21,Walla Walla Public Schools,Gender,Male,08,SBAC,Math,0.4306930693069,0.2920792079207,0.1386138613861,0.1089108910891,0.029702970297,0.9702970297029
2020-21,Walla Walla Public Schools,homeless,Non-Homeless,08,SBAC,Math,0.4144578313253,0.2698795180722,0.1807228915662,0.0987951807228,0.0361445783132,0.9638554216867
2020-21,Walla Walla Public Schools,Migrant,Non Migrant,09,AIM,ELA,,,,,,
2020-21,Walla Walla Public Schools,Race,Hispanic/ Latino of any race(s),09,AIM,ELA,,,,,,
2020-21,Walla Walla Public Schools,Foster,Non-Foster Care,09,SBAC,ELA,0.1991051454138,0.2595078299776,0.2885906040268,0.1610738255033,0.0917225950782,0.9082774049217
2020-21,Walla Walla Public Schools,Gender,Male,09,SBAC,ELA,0.2372093023255,0.2883720930232,0.2744186046511,0.1162790697674,0.0837209302325,0.9162790697674
2020-21,Walla Walla Public Schools,homeless,Non-Homeless,09,SBAC,ELA,0.2022471910112,0.2561797752808,0.2898876404494,0.1617977528089,0.0898876404494,0.9101123595505
2020-21,Walla Walla Public Schools,Migrant,Migrant,09,SBAC,ELA,,,,,,
2020-21,Walla Walla Public Schools,Race,TwoorMoreRaces,09,SBAC,ELA,,,,,,
2020-21,Walla Walla Public Schools,s504,Non Section 504,09,SBAC,ELA,0.1985815602836,0.2505910165484,0.2884160756501,0.1678486997635,0.0945626477541,0.9054373522458
2020-21,Walla Walla Public Schools,SWD,Students without Disabilities,09,SBAC,ELA,0.1432291666666,0.265625,0.3255208333333,0.1848958333333,0.0807291666666,0.9192708333333
2020-21,Walla Walla Public Schools,Foster,Foster Care,09,SBAC,Math,,,,,,
2020-21,Walla Walla Public Schools,Gender,Gender X,09,SBAC,Math,,,,,,
2020-21,Walla Walla Public Schools,Migrant,Migrant,09,SBAC,Math,,,,,,
2020-21,Walla Walla Public Schools,Migrant,Non Migrant,09,SBAC,Math,0.4211711711711,0.2837837837837,0.1126126126126,0.099099099099,0.0833333333333,0.9166666666666
2020-21,Walla Walla Public Schools,Race,TwoorMoreRaces,09,SBAC,Math,,,,,,
2020-21,Walla Walla Public Schools,Race,Asian,09,SBAC,Math,,,,,,
2020-21,Walla Walla Public Schools,Race,White,09,SBAC,Math,0.3036437246963,0.3076923076923,0.1295546558704,0.1538461538461,0.1052631578947,0.8947368421052
2020-21,Walla Walla Public Schools,s504,Non Section 504,09,SBAC,Math,0.434988179669,0.2695035460992,0.1111111111111,0.1016548463356,0.0827423167848,0.9172576832151
2020-21,Walla Walla Public Schools,FRL,Non-Low Income,11,AIM,ELA,,,,,,
2020-21,Walla Walla Public Schools,Migrant,Non Migrant,11,AIM,ELA,,,,,,
2020-21,Walla Walla Public Schools,Migrant,Non Migrant,11,SBAC,ELA,0.1695278969957,0.2038626609442,0.2532188841201,0.2832618025751,0.0901287553648,0.9098712446351
2020-21,Walla Walla Public Schools,Race,Native Hawaiian/ Other Pacific Islander,11,SBAC,ELA,,,,,,
2020-21,Walla Walla Public Schools,Race,Native Hawaiian/ Other Pacific Islander,11,SBAC,Math,,,,,,
2020-21,Walla Walla Public Schools,FRL,Non-Low Income,All Grades,AIM,Math,0.0,0.6,0.3,0.1,0.0,1.0
2020-21,Walla Walla Public Schools,Gender,Male,All Grades,AIM,Math,0.1363636363636,0.3181818181818,0.3181818181818,0.2272727272727,0.0,1.0
2020-21,Walla Walla Public Schools,homeless,Non-Homeless,All Grades,AIM,Math,0.0882352941176,0.3529411764705,0.3823529411764,0.1764705882352,0.0,1.0
2020-21,Walla Walla Public Schools,Race,Hispanic/ Latino of any race(s),All Grades,AIM,Math,0.1666666666666,0.2777777777777,0.4444444444444,0.1111111111111,0.0,1.0
2020-21,Walla Walla Public Schools,FRL,Non-Low Income,All Grades,SBAC,ELA,0.130153597413,0.1883589329021,0.308811641067,0.3322554567502,0.0404203718674,0.9595796281325
2020-21,Walla Walla Public Schools,homeless,Homeless,All Grades,SBAC,ELA,0.4615384615384,0.1923076923076,0.1730769230769,0.0576923076923,0.1153846153846,0.8846153846153
2020-21,Walla Walla Public Schools,Race,Hispanic/ Latino of any race(s),All Grades,SBAC,ELA,0.3965957446808,0.2629787234042,0.2144680851063,0.0902127659574,0.035744680851,0.9642553191489
2020-21,Walla Walla Public Schools,Foster,Foster Care,All Grades,SBAC,Math,,,,,,
2020-21,Walla Walla Public Schools,Military,Military Parent,All Grades,SBAC,Math,0.3589743589743,0.2820512820512,0.2307692307692,0.1282051282051,0.0,1.0
2020-21,Walla Walla Public Schools,Military,Non Military Parent,All Grades,SBAC,Math,0.4416548797736,0.2521216407355,0.1435643564356,0.1163366336633,0.0463224893917,0.9536775106082
2020-21,Walla Walla Public Schools,Race,Asian,All Grades,SBAC,Math,0.3888888888888,0.1666666666666,0.2222222222222,0.2222222222222,0.0,1.0
2020-21,Walla Walla Public Schools,SWD,Students without Disabilities,All Grades,SBAC,Math,0.3872427983539,0.2810699588477,0.1641975308641,0.1325102880658,0.0349794238683,0.9650205761316
