SchoolYear,DistrictName,StudentGroupType,StudentGroup,GradeLevel,TestAdministration,TestSubject,Count of Students Expected to Test,PercentLevel1,PercentLevel2,PercentLevel3,PercentLevel4,PercentParticipation
2016-17,Walla Walla Public Schools,All,All Students,03,AIM,ELA,,,,,,
2016-17,Walla Walla Public Schools,ELL,Non-English Language Learners,03,AIM,ELA,,,,,,
2016-17,Walla Walla Public Schools,Foster,Non-Foster Care,03,AIM,ELA,,,,,,
2016-17,Walla Walla Public Schools,FRL,Low-Income,03,AIM,ELA,,,,,,
2016-17,Walla Walla Public Schools,Gender,Female,03,AIM,ELA,,,,,,
2016-17,Walla Walla Public Schools,homeless,Non-Homeless,03,AIM,ELA,,,,,,
2016-17,Walla Walla Public Schools,Migrant,Non Migrant,03,AIM,ELA,,,,,,
2016-17,Walla Walla Public Schools,Military,Non Military Parent,03,AIM,ELA,,,,,,
2016-17,Walla Walla Public Schools,Race,White,03,AIM,ELA,,,,,,
2016-17,Walla Walla Public Schools,s504,Non Section 504,03,AIM,ELA,,,,,,
2016-17,Walla Walla Public Schools,SWD,Students with Disabilities,03,AIM,ELA,,,,,,
2016-17,Walla Walla Public Schools,All,All Students,03,AIM,Math,,,,,,
2016-17,Walla Walla Public Schools,ELL,Non-English Language Learners,03,AIM,Math,,,,,,
2016-17,Walla Walla Public Schools,Foster,Non-Foster Care,03,AIM,Math,,,,,,
2016-17,Walla Walla Public Schools,FRL,Low-Income,03,AIM,Math,,,,,,
2016-17,Walla Walla Public Schools,Gender,Female,03,AIM,Math,,,,,,
2016-17,Walla Walla Public Schools,homeless,Non-Homeless,03,AIM,Math,,,,,,
2016-17,Walla Walla Public Schools,Migrant,Non Migrant,03,AIM,Math,,,,,,
2016-17,Walla Walla Public Schools,Military,Non Military Parent,03,AIM,Math,,,,,,
2016-17,Walla Walla Public Schools,Race,White,03,AIM,Math,,,,,,
2016-17,Walla Walla Public Schools,s504,Non Section 504,03,AIM,Math,,,,,,
2016-17,Walla Walla Public Schools,SWD,Students with Disabilities,03,AIM,Math,,,,,,
2016-17,Walla Walla Public Schools,All,All Students,03,SBAC,ELA,415.0,0.356626506024,0.2168674698795,0.1831325301204,0.233734939759,0.9903614457832
2016-17,Walla Walla Public Schools,ELL,English Language Learners,03,SBAC,ELA,84.0,0.7142857142857,0.2142857142857,0.0714285714285,0.0,1.0
2016-17,Walla Walla Public Schools,ELL,Non-English Language Learners,03,SBAC,ELA,331.0,0.2658610271903,0.2175226586102,0.2114803625377,0.2930513595166,0.987915407855
2016-17,Walla Walla Public Schools,Foster,Non-Foster Care,03,SBAC,ELA,415.0,0.356626506024,0.2168674698795,0.1831325301204,0.233734939759,0.9903614457832
2016-17,Walla Walla Public Schools,FRL,Non-Low Income,03,SBAC,ELA,166.0,0.1265060240963,0.1867469879518,0.1987951807228,0.4698795180722,0.9819277108434
2016-17,Walla Walla Public Schools,FRL,Low-Income,03,SBAC,ELA,249.0,0.5100401606425,0.2369477911646,0.1726907630522,0.0763052208835,0.995983935743
2016-17,Walla Walla Public Schools,Gender,Female,03,SBAC,ELA,203.0,0.3004926108374,0.2118226600985,0.231527093596,0.2512315270935,0.9950738916257
2016-17,Walla Walla Public Schools,Gender,Male,03,SBAC,ELA,212.0,0.4103773584905,0.2216981132075,0.1367924528301,0.2169811320754,0.9858490566038
2016-17,Walla Walla Public Schools,homeless,Homeless,03,SBAC,ELA,11.0,0.5454545454545,0.2727272727272,0.1818181818181,0.0,1.0
2016-17,Walla Walla Public Schools,homeless,Non-Homeless,03,SBAC,ELA,404.0,0.3514851485148,0.2153465346534,0.1831683168316,0.2400990099009,0.990099009901
2016-17,Walla Walla Public Schools,Migrant,Migrant,03,SBAC,ELA,,,,,,
2016-17,Walla Walla Public Schools,Migrant,Non Migrant,03,SBAC,ELA,,0.3513513513513,0.2137592137592,0.1867321867321,0.2383292383292,0.990171990172
2016-17,Walla Walla Public Schools,Military,Military Parent,03,SBAC,ELA,,,,,,
2016-17,Walla Walla Public Schools,Military,Non Military Parent,03,SBAC,ELA,,0.3592233009708,0.2160194174757,0.1844660194174,0.2305825242718,0.990291262136
2016-17,Walla Walla Public Schools,Race,American Indian/ Alaskan Native,03,SBAC,ELA,,,,,,
2016-17,Walla Walla Public Schools,Race,Black/ African American,03,SBAC,ELA,,,,,,
2016-17,Walla Walla Public Schools,Race,Asian,03,SBAC,ELA,,,,,,
2016-17,Walla Walla Public Schools,Race,TwoorMoreRaces,03,SBAC,ELA,,0.4210526315789,0.2105263157894,0.1578947368421,0.2105263157894,1.0
2016-17,Walla Walla Public Schools,Race,Hispanic/ Latino of any race(s),03,SBAC,ELA,182.0,0.5,0.2637362637362,0.1263736263736,0.1098901098901,1.0
2016-17,Walla Walla Public Schools,Race,White,03,SBAC,ELA,210.0,0.2238095238095,0.1761904761904,0.2333333333333,0.347619047619,0.9809523809524
2016-17,Walla Walla Public Schools,s504,Section 504,03,SBAC,ELA,,,,,,
2016-17,Walla Walla Public Schools,s504,Non Section 504,03,SBAC,ELA,,0.3571428571428,0.2167487684729,0.179802955665,0.2389162561576,0.9926108374385
2016-17,Walla Walla Public Schools,SWD,Students with Disabilities,03,SBAC,ELA,62.0,0.7419354838709,0.0806451612903,0.0806451612903,0.0483870967741,0.9516129032259
2016-17,Walla Walla Public Schools,SWD,Students without Disabilities,03,SBAC,ELA,353.0,0.2889518413597,0.2407932011331,0.2011331444759,0.2662889518413,0.9971671388102
2016-17,Walla Walla Public Schools,All,All Students,03,SBAC,Math,415.0,0.3301204819277,0.2240963855421,0.2746987951807,0.1614457831325,0.9903614457832
2016-17,Walla Walla Public Schools,ELL,English Language Learners,03,SBAC,Math,84.0,0.6547619047619,0.2380952380952,0.1071428571428,0.0,1.0
2016-17,Walla Walla Public Schools,ELL,Non-English Language Learners,03,SBAC,Math,331.0,0.2477341389728,0.2205438066465,0.3172205438066,0.202416918429,0.987915407855
2016-17,Walla Walla Public Schools,Foster,Non-Foster Care,03,SBAC,Math,415.0,0.3301204819277,0.2240963855421,0.2746987951807,0.1614457831325,0.9903614457832
2016-17,Walla Walla Public Schools,FRL,Non-Low Income,03,SBAC,Math,166.0,0.1385542168674,0.1686746987951,0.3734939759036,0.3072289156626,0.987951807229
2016-17,Walla Walla Public Schools,FRL,Low-Income,03,SBAC,Math,249.0,0.4578313253012,0.2610441767068,0.2088353413654,0.0642570281124,0.991967871486
2016-17,Walla Walla Public Schools,Gender,Female,03,SBAC,Math,203.0,0.3251231527093,0.2216748768472,0.2906403940886,0.1576354679802,0.9950738916257
2016-17,Walla Walla Public Schools,Gender,Male,03,SBAC,Math,212.0,0.3349056603773,0.2264150943396,0.2594339622641,0.1650943396226,0.9858490566038
2016-17,Walla Walla Public Schools,homeless,Homeless,03,SBAC,Math,,,,,,
2016-17,Walla Walla Public Schools,homeless,Non-Homeless,03,SBAC,Math,,0.319306930693,0.2252475247524,0.279702970297,0.1658415841584,0.990099009901
2016-17,Walla Walla Public Schools,Migrant,Migrant,03,SBAC,Math,,,,,,
2016-17,Walla Walla Public Schools,Migrant,Non Migrant,03,SBAC,Math,,0.3292383292383,0.2235872235872,0.2727272727272,0.1646191646191,0.990171990172
2016-17,Walla Walla Public Schools,Military,Military Parent,03,SBAC,Math,,,,,,
2016-17,Walla Walla Public Schools,Military,Non Military Parent,03,SBAC,Math,,0.3325242718446,0.2257281553398,0.2718446601941,0.1601941747572,0.990291262136
2016-17,Walla Walla Public Schools,Race,American Indian/ Alaskan Native,03,SBAC,Math,,,,,,
2016-17,Walla Walla Public Schools,Race,Black/ African American,03,SBAC,Math,,,,,,
2016-17,Walla Walla Public Schools,Race,Asian,03,SBAC,Math,,,,,,
2016-17,Walla Walla Public Schools,Race,TwoorMoreRaces,03,SBAC,Math,,0.2631578947368,0.2105263157894,0.2631578947368,0.2631578947368,1.0
2016-17,Walla Walla Public Schools,Race,Hispanic/ Latino of any race(s),03,SBAC,Math,182.0,0.4670329670329,0.2417582417582,0.2362637362637,0.0494505494505,0.9945054945055
2016-17,Walla Walla Public Schools,Race,White,03,SBAC,Math,210.0,0.2142857142857,0.2095238095238,0.3095238095238,0.2523809523809,0.9857142857143
2016-17,Walla Walla Public Schools,s504,Section 504,03,SBAC,Math,,,,,,
2016-17,Walla Walla Public Schools,s504,Non Section 504,03,SBAC,Math,,0.3349753694581,0.2167487684729,0.2758620689655,0.1650246305418,0.9926108374385
2016-17,Walla Walla Public Schools,SWD,Students with Disabilities,03,SBAC,Math,62.0,0.7419354838709,0.0645161290322,0.0967741935483,0.0483870967741,0.9516129032259
2016-17,Walla Walla Public Schools,SWD,Students without Disabilities,03,SBAC,Math,353.0,0.2577903682719,0.2521246458923,0.3059490084985,0.1813031161473,0.9971671388102
2016-17,Walla Walla Public Schools,All,All Students,04,AIM,ELA,,,,,,
2016-17,Walla Walla Public Schools,ELL,English Language Learners,04,AIM,ELA,,,,,,
2016-17,Walla Walla Public Schools,ELL,Non-English Language Learners,04,AIM,ELA,,,,,,
2016-17,Walla Walla Public Schools,Foster,Non-Foster Care,04,AIM,ELA,,,,,,
2016-17,Walla Walla Public Schools,FRL,Non-Low Income,04,AIM,ELA,,,,,,
2016-17,Walla Walla Public Schools,FRL,Low-Income,04,AIM,ELA,,,,,,
2016-17,Walla Walla Public Schools,Gender,Female,04,AIM,ELA,,,,,,
2016-17,Walla Walla Public Schools,Gender,Male,04,AIM,ELA,,,,,,
2016-17,Walla Walla Public Schools,homeless,Non-Homeless,04,AIM,ELA,,,,,,
2016-17,Walla Walla Public Schools,Migrant,Non Migrant,04,AIM,ELA,,,,,,
2016-17,Walla Walla Public Schools,Military,Non Military Parent,04,AIM,ELA,,,,,,
2016-17,Walla Walla Public Schools,Race,Hispanic/ Latino of any race(s),04,AIM,ELA,,,,,,
2016-17,Walla Walla Public Schools,Race,White,04,AIM,ELA,,,,,,
2016-17,Walla Walla Public Schools,s504,Non Section 504,04,AIM,ELA,,,,,,
2016-17,Walla Walla Public Schools,SWD,Students with Disabilities,04,AIM,ELA,,,,,,
2016-17,Walla Walla Public Schools,All,All Students,04,AIM,Math,,,,,,
2016-17,Walla Walla Public Schools,ELL,English Language Learners,04,AIM,Math,,,,,,
2016-17,Walla Walla Public Schools,ELL,Non-English Language Learners,04,AIM,Math,,,,,,
2016-17,Walla Walla Public Schools,Foster,Non-Foster Care,04,AIM,Math,,,,,,
2016-17,Walla Walla Public Schools,FRL,Non-Low Income,04,AIM,Math,,,,,,
2016-17,Walla Walla Public Schools,FRL,Low-Income,04,AIM,Math,,,,,,
2016-17,Walla Walla Public Schools,Gender,Female,04,AIM,Math,,,,,,
2016-17,Walla Walla Public Schools,Gender,Male,04,AIM,Math,,,,,,
2016-17,Walla Walla Public Schools,homeless,Non-Homeless,04,AIM,Math,,,,,,
2016-17,Walla Walla Public Schools,Migrant,Non Migrant,04,AIM,Math,,,,,,
2016-17,Walla Walla Public Schools,Military,Non Military Parent,04,AIM,Math,,,,,,
2016-17,Walla Walla Public Schools,Race,Hispanic/ Latino of any race(s),04,AIM,Math,,,,,,
2016-17,Walla Walla Public Schools,Race,White,04,AIM,Math,,,,,,
2016-17,Walla Walla Public Schools,s504,Non Section 504,04,AIM,Math,,,,,,
2016-17,Walla Walla Public Schools,SWD,Students with Disabilities,04,AIM,Math,,,,,,
2016-17,Walla Walla Public Schools,All,All Students,04,SBAC,ELA,398.0,0.3140703517587,0.1909547738693,0.251256281407,0.2286432160804,0.9849246231156
2016-17,Walla Walla Public Schools,ELL,English Language Learners,04,SBAC,ELA,70.0,0.6428571428571,0.2428571428571,0.1142857142857,0.0,1.0
2016-17,Walla Walla Public Schools,ELL,Non-English Language Learners,04,SBAC,ELA,328.0,0.2439024390243,0.1798780487804,0.280487804878,0.2774390243902,0.9817073170732
2016-17,Walla Walla Public Schools,Foster,Non-Foster Care,04,SBAC,ELA,398.0,0.3140703517587,0.1909547738693,0.251256281407,0.2286432160804,0.9849246231156
2016-17,Walla Walla Public Schools,FRL,Non-Low Income,04,SBAC,ELA,151.0,0.1655629139072,0.0993377483443,0.251655629139,0.4635761589403,0.9801324503312
2016-17,Walla Walla Public Schools,FRL,Low-Income,04,SBAC,ELA,247.0,0.4048582995951,0.246963562753,0.2510121457489,0.0850202429149,0.9878542510122
2016-17,Walla Walla Public Schools,Gender,Male,04,SBAC,ELA,195.0,0.3384615384615,0.2051282051282,0.251282051282,0.1794871794871,0.974358974359
2016-17,Walla Walla Public Schools,Gender,Female,04,SBAC,ELA,203.0,0.2906403940886,0.1773399014778,0.2512315270935,0.2758620689655,0.9950738916257
2016-17,Walla Walla Public Schools,homeless,Homeless,04,SBAC,ELA,,0.6,0.2,0.2,0.0,1.0
2016-17,Walla Walla Public Schools,homeless,Non-Homeless,04,SBAC,ELA,388.0,0.3067010309278,0.1907216494845,0.2525773195876,0.2345360824742,0.9845360824743
2016-17,Walla Walla Public Schools,Migrant,Migrant,04,SBAC,ELA,,,,,,
2016-17,Walla Walla Public Schools,Migrant,Non Migrant,04,SBAC,ELA,,0.3078880407124,0.1933842239185,0.2519083969465,0.2315521628498,0.9847328244275
2016-17,Walla Walla Public Schools,Military,Military Parent,04,SBAC,ELA,,,,,,
2016-17,Walla Walla Public Schools,Military,Non Military Parent,04,SBAC,ELA,,0.3113924050632,0.1924050632911,0.2506329113924,0.2303797468354,0.9848101265823
2016-17,Walla Walla Public Schools,Race,American Indian/ Alaskan Native,04,SBAC,ELA,,,,,,
2016-17,Walla Walla Public Schools,Race,Black/ African American,04,SBAC,ELA,,,,,,
2016-17,Walla Walla Public Schools,Race,Asian,04,SBAC,ELA,,,,,,
2016-17,Walla Walla Public Schools,Race,TwoorMoreRaces,04,SBAC,ELA,,,,,,
2016-17,Walla Walla Public Schools,Race,Hispanic/ Latino of any race(s),04,SBAC,ELA,171.0,0.4210526315789,0.2748538011695,0.2397660818713,0.0526315789473,0.9883040935673
2016-17,Walla Walla Public Schools,Race,White,04,SBAC,ELA,211.0,0.2227488151658,0.1327014218009,0.260663507109,0.3649289099526,0.9810426540285
2016-17,Walla Walla Public Schools,s504,Section 504,04,SBAC,ELA,,,,,,
2016-17,Walla Walla Public Schools,s504,Non Section 504,04,SBAC,ELA,,0.3110539845758,0.1928020565552,0.2493573264781,0.2313624678663,0.9845758354756
2016-17,Walla Walla Public Schools,SWD,Students with Disabilities,04,SBAC,ELA,55.0,0.8,0.0727272727272,0.0,0.0545454545454,0.9272727272728
2016-17,Walla Walla Public Schools,SWD,Students without Disabilities,04,SBAC,ELA,343.0,0.2361516034985,0.2099125364431,0.2915451895043,0.2565597667638,0.99416909621
2016-17,Walla Walla Public Schools,All,All Students,04,SBAC,Math,398.0,0.2361809045226,0.3065326633165,0.2713567839195,0.1708542713567,0.9849246231156
2016-17,Walla Walla Public Schools,ELL,English Language Learners,04,SBAC,Math,71.0,0.5070422535211,0.4225352112676,0.0704225352112,0.0,1.0
2016-17,Walla Walla Public Schools,ELL,Non-English Language Learners,04,SBAC,Math,327.0,0.177370030581,0.2813455657492,0.3149847094801,0.2079510703363,0.9816513761468
2016-17,Walla Walla Public Schools,Foster,Non-Foster Care,04,SBAC,Math,398.0,0.2361809045226,0.3065326633165,0.2713567839195,0.1708542713567,0.9849246231156
2016-17,Walla Walla Public Schools,FRL,Non-Low Income,04,SBAC,Math,151.0,0.1059602649006,0.1788079470198,0.3576158940397,0.3311258278145,0.9735099337749
2016-17,Walla Walla Public Schools,FRL,Low-Income,04,SBAC,Math,247.0,0.3157894736842,0.3846153846153,0.2186234817813,0.0728744939271,0.9919028340081
2016-17,Walla Walla Public Schools,Gender,Male,04,SBAC,Math,194.0,0.2319587628865,0.2886597938144,0.2886597938144,0.1701030927835,0.979381443299
2016-17,Walla Walla Public Schools,Gender,Female,04,SBAC,Math,204.0,0.2401960784313,0.3235294117647,0.2549019607843,0.1715686274509,0.9901960784314
2016-17,Walla Walla Public Schools,homeless,Homeless,04,SBAC,Math,,,,,,
2016-17,Walla Walla Public Schools,homeless,Non-Homeless,04,SBAC,Math,,0.2268041237113,0.3067010309278,0.2757731958762,0.1752577319587,0.9845360824743
2016-17,Walla Walla Public Schools,Migrant,Migrant,04,SBAC,Math,,,,,,
2016-17,Walla Walla Public Schools,Migrant,Non Migrant,04,SBAC,Math,,0.2321428571428,0.3035714285714,0.2755102040816,0.1734693877551,0.9846938775511
2016-17,Walla Walla Public Schools,Military,Military Parent,04,SBAC,Math,,,,,,
2016-17,Walla Walla Public Schools,Military,Non Military Parent,04,SBAC,Math,,0.2354430379746,0.306329113924,0.2734177215189,0.1696202531645,0.9848101265823
2016-17,Walla Walla Public Schools,Race,American Indian/ Alaskan Native,04,SBAC,Math,,,,,,
2016-17,Walla Walla Public Schools,Race,Black/ African American,04,SBAC,Math,,,,,,
2016-17,Walla Walla Public Schools,Race,Asian,04,SBAC,Math,,,,,,
2016-17,Walla Walla Public Schools,Race,TwoorMoreRaces,04,SBAC,Math,,,,,,
2016-17,Walla Walla Public Schools,Race,Hispanic/ Latino of any race(s),04,SBAC,Math,172.0,0.3255813953488,0.4302325581395,0.1744186046511,0.0581395348837,0.9883720930233
2016-17,Walla Walla Public Schools,Race,White,04,SBAC,Math,210.0,0.1571428571428,0.2142857142857,0.3428571428571,0.2666666666666,0.9809523809524
2016-17,Walla Walla Public Schools,s504,Section 504,04,SBAC,Math,,,,,,
2016-17,Walla Walla Public Schools,s504,Non Section 504,04,SBAC,Math,,0.2313624678663,0.3084832904884,0.2750642673521,0.1696658097686,0.9845758354756
2016-17,Walla Walla Public Schools,SWD,Students with Disabilities,04,SBAC,Math,54.0,0.6666666666666,0.2037037037037,0.0555555555555,0.0185185185185,0.9444444444445
2016-17,Walla Walla Public Schools,SWD,Students without Disabilities,04,SBAC,Math,344.0,0.1686046511627,0.3226744186046,0.3052325581395,0.1947674418604,0.9912790697675
2016-17,Walla Walla Public Schools,All,All Students,05,AIM,ELA,,,,,,
2016-17,Walla Walla Public Schools,ELL,Non-English Language Learners,05,AIM,ELA,,,,,,
2016-17,Walla Walla Public Schools,Foster,Non-Foster Care,05,AIM,ELA,,,,,,
2016-17,Walla Walla Public Schools,FRL,Non-Low Income,05,AIM,ELA,,,,,,
2016-17,Walla Walla Public Schools,FRL,Low-Income,05,AIM,ELA,,,,,,
2016-17,Walla Walla Public Schools,Gender,Female,05,AIM,ELA,,,,,,
2016-17,Walla Walla Public Schools,Gender,Male,05,AIM,ELA,,,,,,
2016-17,Walla Walla Public Schools,homeless,Non-Homeless,05,AIM,ELA,,,,,,
2016-17,Walla Walla Public Schools,Migrant,Non Migrant,05,AIM,ELA,,,,,,
2016-17,Walla Walla Public Schools,Military,Non Military Parent,05,AIM,ELA,,,,,,
2016-17,Walla Walla Public Schools,Race,White,05,AIM,ELA,,,,,,
2016-17,Walla Walla Public Schools,Race,Hispanic/ Latino of any race(s),05,AIM,ELA,,,,,,
2016-17,Walla Walla Public Schools,s504,Non Section 504,05,AIM,ELA,,,,,,
2016-17,Walla Walla Public Schools,SWD,Students with Disabilities,05,AIM,ELA,,,,,,
2016-17,Walla Walla Public Schools,All,All Students,05,AIM,Math,,,,,,
2016-17,Walla Walla Public Schools,ELL,Non-English Language Learners,05,AIM,Math,,,,,,
2016-17,Walla Walla Public Schools,Foster,Non-Foster Care,05,AIM,Math,,,,,,
2016-17,Walla Walla Public Schools,FRL,Non-Low Income,05,AIM,Math,,,,,,
2016-17,Walla Walla Public Schools,FRL,Low-Income,05,AIM,Math,,,,,,
2016-17,Walla Walla Public Schools,Gender,Female,05,AIM,Math,,,,,,
2016-17,Walla Walla Public Schools,Gender,Male,05,AIM,Math,,,,,,
2016-17,Walla Walla Public Schools,homeless,Non-Homeless,05,AIM,Math,,,,,,
2016-17,Walla Walla Public Schools,Migrant,Non Migrant,05,AIM,Math,,,,,,
2016-17,Walla Walla Public Schools,Military,Non Military Parent,05,AIM,Math,,,,,,
2016-17,Walla Walla Public Schools,Race,White,05,AIM,Math,,,,,,
2016-17,Walla Walla Public Schools,Race,Hispanic/ Latino of any race(s),05,AIM,Math,,,,,,
2016-17,Walla Walla Public Schools,s504,Non Section 504,05,AIM,Math,,,,,,
2016-17,Walla Walla Public Schools,SWD,Students with Disabilities,05,AIM,Math,,,,,,
2016-17,Walla Walla Public Schools,All,All Students,05,SBAC,ELA,409.0,0.2542787286063,0.2371638141809,0.2909535452322,0.2053789731051,0.9877750611247
2016-17,Walla Walla Public Schools,ELL,English Language Learners,05,SBAC,ELA,54.0,0.6481481481481,0.2407407407407,0.037037037037,0.0555555555555,0.9814814814815
2016-17,Walla Walla Public Schools,ELL,Non-English Language Learners,05,SBAC,ELA,355.0,0.194366197183,0.2366197183098,0.3295774647887,0.2281690140845,0.9887323943662
2016-17,Walla Walla Public Schools,Foster,Non-Foster Care,05,SBAC,ELA,409.0,0.2542787286063,0.2371638141809,0.2909535452322,0.2053789731051,0.9877750611247
2016-17,Walla Walla Public Schools,FRL,Non-Low Income,05,SBAC,ELA,181.0,0.0994475138121,0.1878453038674,0.3591160220994,0.3370165745856,0.9834254143647
2016-17,Walla Walla Public Schools,FRL,Low-Income,05,SBAC,ELA,228.0,0.3771929824561,0.2763157894736,0.2368421052631,0.1008771929824,0.9912280701755
2016-17,Walla Walla Public Schools,Gender,Female,05,SBAC,ELA,173.0,0.2023121387283,0.2196531791907,0.3121387283236,0.2601156069364,0.9942196531792
2016-17,Walla Walla Public Schools,Gender,Male,05,SBAC,ELA,236.0,0.2923728813559,0.25,0.2754237288135,0.1652542372881,0.9830508474577
2016-17,Walla Walla Public Schools,homeless,Homeless,05,SBAC,ELA,13.0,0.4615384615384,0.3076923076923,0.076923076923,0.1538461538461,1.0
2016-17,Walla Walla Public Schools,homeless,Non-Homeless,05,SBAC,ELA,396.0,0.2474747474747,0.2348484848484,0.2979797979797,0.2070707070707,0.9873737373738
2016-17,Walla Walla Public Schools,Migrant,Migrant,05,SBAC,ELA,,,,,,
2016-17,Walla Walla Public Schools,Migrant,Non Migrant,05,SBAC,ELA,,0.2536945812807,0.2364532019704,0.2931034482758,0.2044334975369,0.9876847290641
2016-17,Walla Walla Public Schools,Military,Military Parent,05,SBAC,ELA,,,,,,
2016-17,Walla Walla Public Schools,Military,Non Military Parent,05,SBAC,ELA,,0.2543209876543,0.2395061728395,0.2888888888888,0.2049382716049,0.9876543209877
2016-17,Walla Walla Public Schools,Race,American Indian/ Alaskan Native,05,SBAC,ELA,,,,,,
2016-17,Walla Walla Public Schools,Race,Black/ African American,05,SBAC,ELA,,,,,,
2016-17,Walla Walla Public Schools,Race,Asian,05,SBAC,ELA,,,,,,
2016-17,Walla Walla Public Schools,Race,TwoorMoreRaces,05,SBAC,ELA,17.0,0.235294117647,0.235294117647,0.235294117647,0.2941176470588,1.0
2016-17,Walla Walla Public Schools,Race,Hispanic/ Latino of any race(s),05,SBAC,ELA,167.0,0.3413173652694,0.2934131736526,0.2395209580838,0.1197604790419,0.994011976048
2016-17,Walla Walla Public Schools,Race,White,05,SBAC,ELA,213.0,0.1924882629107,0.2018779342723,0.3239436619718,0.262910798122,0.981220657277
2016-17,Walla Walla Public Schools,FRL,Non-Low Income,06,AIM,Math,,,,,,
2016-17,Walla Walla Public Schools,s504,Section 504,05,SBAC,ELA,14.0,0.2142857142857,0.5,0.2142857142857,0.0714285714285,1.0
2016-17,Walla Walla Public Schools,s504,Non Section 504,05,SBAC,ELA,395.0,0.2556962025316,0.2278481012658,0.2936708860759,0.2101265822784,0.9873417721519
2016-17,Walla Walla Public Schools,SWD,Students with Disabilities,05,SBAC,ELA,48.0,0.7291666666666,0.125,0.0625,0.0416666666666,0.9583333333334
2016-17,Walla Walla Public Schools,SWD,Students without Disabilities,05,SBAC,ELA,361.0,0.191135734072,0.2520775623268,0.3213296398891,0.2271468144044,0.9916897506926
2016-17,Walla Walla Public Schools,All,All Students,05,SBAC,Math,409.0,0.3178484107579,0.2665036674816,0.1858190709046,0.2127139364303,0.9828850855746
2016-17,Walla Walla Public Schools,ELL,English Language Learners,05,SBAC,Math,,,,,,
2016-17,Walla Walla Public Schools,ELL,Non-English Language Learners,05,SBAC,Math,,0.2676056338028,0.2647887323943,0.2084507042253,0.2422535211267,0.9830985915493
2016-17,Walla Walla Public Schools,Foster,Non-Foster Care,05,SBAC,Math,409.0,0.3178484107579,0.2665036674816,0.1858190709046,0.2127139364303,0.9828850855746
2016-17,Walla Walla Public Schools,FRL,Non-Low Income,05,SBAC,Math,181.0,0.171270718232,0.2044198895027,0.2596685082872,0.342541436464,0.9779005524862
2016-17,Walla Walla Public Schools,FRL,Low-Income,05,SBAC,Math,228.0,0.4342105263157,0.3157894736842,0.1271929824561,0.109649122807,0.9868421052632
2016-17,Walla Walla Public Schools,Gender,Female,05,SBAC,Math,173.0,0.3236994219653,0.2832369942196,0.179190751445,0.2023121387283,0.9884393063584
2016-17,Walla Walla Public Schools,Gender,Male,05,SBAC,Math,236.0,0.3135593220338,0.2542372881355,0.1906779661016,0.2203389830508,0.9788135593221
2016-17,Walla Walla Public Schools,homeless,Homeless,05,SBAC,Math,13.0,0.5384615384615,0.1538461538461,0.2307692307692,0.076923076923,1.0
2016-17,Walla Walla Public Schools,homeless,Non-Homeless,05,SBAC,Math,396.0,0.310606060606,0.270202020202,0.1843434343434,0.2171717171717,0.9823232323233
2016-17,Walla Walla Public Schools,Migrant,Migrant,05,SBAC,Math,,,,,,
2016-17,Walla Walla Public Schools,Migrant,Non Migrant,05,SBAC,Math,,0.3177339901477,0.2660098522167,0.1847290640394,0.2142857142857,0.9827586206897
2016-17,Walla Walla Public Schools,Military,Military Parent,05,SBAC,Math,,,,,,
2016-17,Walla Walla Public Schools,Military,Non Military Parent,05,SBAC,Math,,0.3185185185185,0.2666666666666,0.1827160493827,0.2148148148148,0.9827160493828
2016-17,Walla Walla Public Schools,Race,American Indian/ Alaskan Native,05,SBAC,Math,,,,,,
2016-17,Walla Walla Public Schools,Race,Black/ African American,05,SBAC,Math,,,,,,
2016-17,Walla Walla Public Schools,Race,Asian,05,SBAC,Math,,,,,,
2016-17,Walla Walla Public Schools,Race,TwoorMoreRaces,05,SBAC,Math,17.0,0.3529411764705,0.235294117647,0.1764705882352,0.235294117647,1.0
2016-17,Walla Walla Public Schools,Race,Hispanic/ Latino of any race(s),05,SBAC,Math,167.0,0.4311377245508,0.317365269461,0.1556886227544,0.0838323353293,0.9880239520959
2016-17,Walla Walla Public Schools,Race,White,05,SBAC,Math,213.0,0.2347417840375,0.2300469483568,0.2112676056338,0.300469483568,0.9765258215963
2016-17,Walla Walla Public Schools,s504,Section 504,05,SBAC,Math,14.0,0.1428571428571,0.5,0.2142857142857,0.1428571428571,1.0
2016-17,Walla Walla Public Schools,s504,Non Section 504,05,SBAC,Math,395.0,0.3240506329113,0.2582278481012,0.1848101265822,0.2151898734177,0.9822784810127
2016-17,Walla Walla Public Schools,SWD,Students with Disabilities,05,SBAC,Math,48.0,0.7291666666666,0.1666666666666,0.0625,0.0,0.9583333333334
2016-17,Walla Walla Public Schools,SWD,Students without Disabilities,05,SBAC,Math,361.0,0.2631578947368,0.2797783933518,0.2022160664819,0.2409972299168,0.9861495844876
2016-17,Walla Walla Public Schools,All,All Students,06,AIM,ELA,,,,,,
2016-17,Walla Walla Public Schools,ELL,Non-English Language Learners,06,AIM,ELA,,,,,,
2016-17,Walla Walla Public Schools,Foster,Non-Foster Care,06,AIM,ELA,,,,,,
2016-17,Walla Walla Public Schools,FRL,Low-Income,06,AIM,ELA,,,,,,
2016-17,Walla Walla Public Schools,FRL,Non-Low Income,06,AIM,ELA,,,,,,
2016-17,Walla Walla Public Schools,Gender,Male,06,AIM,ELA,,,,,,
2016-17,Walla Walla Public Schools,Gender,Female,06,AIM,ELA,,,,,,
2016-17,Walla Walla Public Schools,homeless,Non-Homeless,06,AIM,ELA,,,,,,
2016-17,Walla Walla Public Schools,Migrant,Non Migrant,06,AIM,ELA,,,,,,
2016-17,Walla Walla Public Schools,Military,Non Military Parent,06,AIM,ELA,,,,,,
2016-17,Walla Walla Public Schools,Race,Hispanic/ Latino of any race(s),06,AIM,ELA,,,,,,
2016-17,Walla Walla Public Schools,Race,White,06,AIM,ELA,,,,,,
2016-17,Walla Walla Public Schools,s504,Non Section 504,06,AIM,ELA,,,,,,
2016-17,Walla Walla Public Schools,SWD,Students with Disabilities,06,AIM,ELA,,,,,,
2016-17,Walla Walla Public Schools,All,All Students,06,AIM,Math,,,,,,
2016-17,Walla Walla Public Schools,ELL,Non-English Language Learners,06,AIM,Math,,,,,,
2016-17,Walla Walla Public Schools,Foster,Non-Foster Care,06,AIM,Math,,,,,,
2016-17,Walla Walla Public Schools,FRL,Low-Income,06,AIM,Math,,,,,,
2016-17,Walla Walla Public Schools,Gender,Male,06,AIM,Math,,,,,,
2016-17,Walla Walla Public Schools,Gender,Female,06,AIM,Math,,,,,,
2016-17,Walla Walla Public Schools,homeless,Non-Homeless,06,AIM,Math,,,,,,
2016-17,Walla Walla Public Schools,Migrant,Non Migrant,06,AIM,Math,,,,,,
2016-17,Walla Walla Public Schools,Military,Non Military Parent,06,AIM,Math,,,,,,
2016-17,Walla Walla Public Schools,Race,Hispanic/ Latino of any race(s),06,AIM,Math,,,,,,
2016-17,Walla Walla Public Schools,Race,White,06,AIM,Math,,,,,,
2016-17,Walla Walla Public Schools,s504,Non Section 504,06,AIM,Math,,,,,,
2016-17,Walla Walla Public Schools,SWD,Students with Disabilities,06,AIM,Math,,,,,,
2016-17,Walla Walla Public Schools,All,All Students,06,SBAC,ELA,430.0,0.2883720930232,0.2930232558139,0.2627906976744,0.1511627906976,0.9953488372094
2016-17,Walla Walla Public Schools,ELL,English Language Learners,06,SBAC,ELA,67.0,0.7611940298507,0.1940298507462,0.0447761194029,0.0,1.0
2016-17,Walla Walla Public Schools,ELL,Non-English Language Learners,06,SBAC,ELA,363.0,0.2011019283746,0.3112947658402,0.3030303030303,0.1790633608815,0.9944903581268
2016-17,Walla Walla Public Schools,Foster,Non-Foster Care,06,SBAC,ELA,430.0,0.2883720930232,0.2930232558139,0.2627906976744,0.1511627906976,0.9953488372094
2016-17,Walla Walla Public Schools,FRL,Non-Low Income,06,SBAC,ELA,207.0,0.135265700483,0.2705314009661,0.3188405797101,0.2753623188405,1.0
2016-17,Walla Walla Public Schools,FRL,Low-Income,06,SBAC,ELA,223.0,0.4304932735426,0.3139013452914,0.2107623318385,0.0358744394618,0.9910313901346
2016-17,Walla Walla Public Schools,Gender,Female,06,SBAC,ELA,208.0,0.2548076923076,0.326923076923,0.2548076923076,0.1634615384615,1.0
2016-17,Walla Walla Public Schools,Gender,Male,06,SBAC,ELA,222.0,0.3198198198198,0.2612612612612,0.2702702702702,0.1396396396396,0.990990990991
2016-17,Walla Walla Public Schools,homeless,Homeless,06,SBAC,ELA,12.0,0.5,0.3333333333333,0.1666666666666,0.0,1.0
2016-17,Walla Walla Public Schools,homeless,Non-Homeless,06,SBAC,ELA,418.0,0.2822966507177,0.2918660287081,0.2655502392344,0.1555023923444,0.9952153110048
2016-17,Walla Walla Public Schools,Migrant,Migrant,06,SBAC,ELA,,,,,,
2016-17,Walla Walla Public Schools,Migrant,Non Migrant,06,SBAC,ELA,,0.2789598108747,0.2955082742316,0.2671394799054,0.1536643026004,0.9952718676123
2016-17,Walla Walla Public Schools,Military,Military Parent,06,SBAC,ELA,,,,,,
2016-17,Walla Walla Public Schools,Military,Non Military Parent,06,SBAC,ELA,,0.2900943396226,0.2877358490566,0.2641509433962,0.1533018867924,0.995283018868
2016-17,Walla Walla Public Schools,Race,American Indian/ Alaskan Native,06,SBAC,ELA,,,,,,
2016-17,Walla Walla Public Schools,Race,Black/ African American,06,SBAC,ELA,,,,,,
2016-17,Walla Walla Public Schools,Race,Asian,06,SBAC,ELA,,,,,,
2016-17,Walla Walla Public Schools,Race,TwoorMoreRaces,06,SBAC,ELA,10.0,0.3,0.4,0.0,0.3,1.0
2016-17,Walla Walla Public Schools,Race,Hispanic/ Latino of any race(s),06,SBAC,ELA,172.0,0.4476744186046,0.313953488372,0.1976744186046,0.0348837209302,0.9941860465117
2016-17,Walla Walla Public Schools,Race,White,06,SBAC,ELA,234.0,0.1709401709401,0.2735042735042,0.3119658119658,0.2393162393162,0.9957264957265
2016-17,Walla Walla Public Schools,s504,Section 504,06,SBAC,ELA,16.0,0.375,0.25,0.125,0.1875,0.9375
2016-17,Walla Walla Public Schools,s504,Non Section 504,06,SBAC,ELA,414.0,0.2850241545893,0.2946859903381,0.2681159420289,0.1497584541062,0.9975845410629
2016-17,Walla Walla Public Schools,SWD,Students with Disabilities,06,SBAC,ELA,,,,,,
2016-17,Walla Walla Public Schools,SWD,Students without Disabilities,06,SBAC,ELA,,0.2307692307692,0.2997347480106,0.2944297082228,0.1724137931034,0.9973474801062
2016-17,Walla Walla Public Schools,All,All Students,06,SBAC,Math,431.0,0.3874709976798,0.2969837587006,0.1392111368909,0.1740139211136,0.9976798143852
2016-17,Walla Walla Public Schools,ELL,English Language Learners,06,SBAC,Math,,,,,,
2016-17,Walla Walla Public Schools,ELL,Non-English Language Learners,06,SBAC,Math,,0.3131868131868,0.315934065934,0.1620879120879,0.2060439560439,0.9972527472528
2016-17,Walla Walla Public Schools,Foster,Non-Foster Care,06,SBAC,Math,431.0,0.3874709976798,0.2969837587006,0.1392111368909,0.1740139211136,0.9976798143852
2016-17,Walla Walla Public Schools,FRL,Non-Low Income,06,SBAC,Math,208.0,0.2307692307692,0.2596153846153,0.1875,0.3221153846153,1.0
2016-17,Walla Walla Public Schools,FRL,Low-Income,06,SBAC,Math,223.0,0.5336322869955,0.3318385650224,0.0941704035874,0.0358744394618,0.9955156950673
2016-17,Walla Walla Public Schools,Gender,Female,06,SBAC,Math,209.0,0.3732057416267,0.3205741626794,0.1387559808612,0.1674641148325,1.0
2016-17,Walla Walla Public Schools,Gender,Male,06,SBAC,Math,222.0,0.4009009009009,0.2747747747747,0.1396396396396,0.1801801801801,0.9954954954955
2016-17,Walla Walla Public Schools,homeless,Homeless,06,SBAC,Math,12.0,0.6666666666666,0.1666666666666,0.1666666666666,0.0,1.0
2016-17,Walla Walla Public Schools,homeless,Non-Homeless,06,SBAC,Math,419.0,0.3794749403341,0.3007159904534,0.1384248210023,0.1789976133651,0.9976133651552
2016-17,Walla Walla Public Schools,Migrant,Migrant,06,SBAC,Math,,,,,,
2016-17,Walla Walla Public Schools,Migrant,Non Migrant,06,SBAC,Math,,0.3820754716981,0.2971698113207,0.1415094339622,0.1768867924528,0.997641509434
2016-17,Walla Walla Public Schools,Military,Military Parent,06,SBAC,Math,,,,,,
2016-17,Walla Walla Public Schools,Military,Non Military Parent,06,SBAC,Math,,0.3905882352941,0.2917647058823,0.1388235294117,0.1764705882352,0.9976470588236
2016-17,Walla Walla Public Schools,Race,American Indian/ Alaskan Native,06,SBAC,Math,,,,,,
2016-17,Walla Walla Public Schools,Race,Black/ African American,06,SBAC,Math,,,,,,
2016-17,Walla Walla Public Schools,Race,Asian,06,SBAC,Math,,,,,,
2016-17,Walla Walla Public Schools,Race,TwoorMoreRaces,06,SBAC,Math,,0.4545454545454,0.1818181818181,0.0,0.3636363636363,1.0
2016-17,Walla Walla Public Schools,Race,Hispanic/ Latino of any race(s),06,SBAC,Math,172.0,0.5348837209302,0.3081395348837,0.0930232558139,0.063953488372,1.0
2016-17,Walla Walla Public Schools,Race,White,06,SBAC,Math,234.0,0.2606837606837,0.2991452991452,0.1794871794871,0.2564102564102,0.9957264957265
2016-17,Walla Walla Public Schools,s504,Section 504,06,SBAC,Math,16.0,0.4375,0.25,0.125,0.125,0.9375
2016-17,Walla Walla Public Schools,s504,Non Section 504,06,SBAC,Math,415.0,0.3855421686746,0.2987951807228,0.1397590361445,0.1759036144578,1.0
2016-17,Walla Walla Public Schools,SWD,Students with Disabilities,06,SBAC,Math,,,,,,
2016-17,Walla Walla Public Schools,SWD,Students without Disabilities,06,SBAC,Math,,0.3095238095238,0.3359788359788,0.1534391534391,0.1984126984126,0.9973544973545
2016-17,Walla Walla Public Schools,All,All Students,07,AIM,ELA,,,,,,
2016-17,Walla Walla Public Schools,ELL,Non-English Language Learners,07,AIM,ELA,,,,,,
2016-17,Walla Walla Public Schools,Foster,Non-Foster Care,07,AIM,ELA,,,,,,
2016-17,Walla Walla Public Schools,FRL,Low-Income,07,AIM,ELA,,,,,,
2016-17,Walla Walla Public Schools,Gender,Male,07,AIM,ELA,,,,,,
2016-17,Walla Walla Public Schools,homeless,Non-Homeless,07,AIM,ELA,,,,,,
2016-17,Walla Walla Public Schools,Migrant,Non Migrant,07,AIM,ELA,,,,,,
2016-17,Walla Walla Public Schools,Military,Non Military Parent,07,AIM,ELA,,,,,,
2016-17,Walla Walla Public Schools,Race,Hispanic/ Latino of any race(s),07,AIM,ELA,,,,,,
2016-17,Walla Walla Public Schools,Race,White,07,AIM,ELA,,,,,,
2016-17,Walla Walla Public Schools,s504,Non Section 504,07,AIM,ELA,,,,,,
2016-17,Walla Walla Public Schools,SWD,Students with Disabilities,07,AIM,ELA,,,,,,
2016-17,Walla Walla Public Schools,All,All Students,07,AIM,Math,,,,,,
2016-17,Walla Walla Public Schools,ELL,Non-English Language Learners,07,AIM,Math,,,,,,
2016-17,Walla Walla Public Schools,Foster,Non-Foster Care,07,AIM,Math,,,,,,
2016-17,Walla Walla Public Schools,FRL,Low-Income,07,AIM,Math,,,,,,
2016-17,Walla Walla Public Schools,Gender,Male,07,AIM,Math,,,,,,
2016-17,Walla Walla Public Schools,homeless,Non-Homeless,07,AIM,Math,,,,,,
2016-17,Walla Walla Public Schools,Migrant,Non Migrant,07,AIM,Math,,,,,,
2016-17,Walla Walla Public Schools,Military,Non Military Parent,07,AIM,Math,,,,,,
2016-17,Walla Walla Public Schools,Race,Hispanic/ Latino of any race(s),07,AIM,Math,,,,,,
2016-17,Walla Walla Public Schools,Race,White,07,AIM,Math,,,,,,
2016-17,Walla Walla Public Schools,s504,Non Section 504,07,AIM,Math,,,,,,
2016-17,Walla Walla Public Schools,SWD,Students with Disabilities,07,AIM,Math,,,,,,
2016-17,Walla Walla Public Schools,All,All Students,07,SBAC,ELA,417.0,0.2254196642685,0.2470023980815,0.3812949640287,0.1342925659472,0.9880095923262
2016-17,Walla Walla Public Schools,ELL,English Language Learners,07,SBAC,ELA,47.0,0.595744680851,0.3404255319148,0.063829787234,0.0,1.0
2016-17,Walla Walla Public Schools,ELL,Non-English Language Learners,07,SBAC,ELA,370.0,0.1783783783783,0.2351351351351,0.4216216216216,0.1513513513513,0.9864864864865
2016-17,Walla Walla Public Schools,Foster,Non-Foster Care,07,SBAC,ELA,417.0,0.2254196642685,0.2470023980815,0.3812949640287,0.1342925659472,0.9880095923262
2016-17,Walla Walla Public Schools,FRL,Non-Low Income,07,SBAC,ELA,193.0,0.1036269430051,0.1554404145077,0.481865284974,0.2590673575129,1.0
2016-17,Walla Walla Public Schools,FRL,Low-Income,07,SBAC,ELA,224.0,0.3303571428571,0.3258928571428,0.2946428571428,0.0267857142857,0.9776785714286
2016-17,Walla Walla Public Schools,Gender,Female,07,SBAC,ELA,205.0,0.1951219512195,0.2585365853658,0.380487804878,0.1658536585365,1.0
2016-17,Walla Walla Public Schools,Gender,Male,07,SBAC,ELA,212.0,0.254716981132,0.2358490566037,0.3820754716981,0.1037735849056,0.9764150943397
2016-17,Walla Walla Public Schools,homeless,Homeless,07,SBAC,ELA,18.0,0.2777777777777,0.3333333333333,0.3333333333333,0.0,0.9444444444445
2016-17,Walla Walla Public Schools,homeless,Non-Homeless,07,SBAC,ELA,399.0,0.2230576441102,0.2431077694235,0.3834586466165,0.1403508771929,0.9899749373434
2016-17,Walla Walla Public Schools,Migrant,Migrant,07,SBAC,ELA,,,,,,
2016-17,Walla Walla Public Schools,Migrant,Non Migrant,07,SBAC,ELA,,0.2249388753056,0.242053789731,0.3838630806845,0.1369193154034,0.9877750611247
2016-17,Walla Walla Public Schools,Military,Military Parent,07,SBAC,ELA,,,,,,
2016-17,Walla Walla Public Schools,Military,Non Military Parent,07,SBAC,ELA,,0.2259615384615,0.2475961538461,0.3798076923076,0.1346153846153,0.9879807692308
2016-17,Walla Walla Public Schools,Race,Black/ African American,07,SBAC,ELA,,,,,,
2016-17,Walla Walla Public Schools,Race,Native Hawaiian/ Other Pacific Islander,07,SBAC,ELA,,,,,,
2016-17,Walla Walla Public Schools,Race,Asian,07,SBAC,ELA,,,,,,
2016-17,Walla Walla Public Schools,Race,TwoorMoreRaces,07,SBAC,ELA,13.0,0.1538461538461,0.2307692307692,0.5384615384615,0.076923076923,1.0
2016-17,Walla Walla Public Schools,Race,Hispanic/ Latino of any race(s),07,SBAC,ELA,168.0,0.3333333333333,0.3095238095238,0.3095238095238,0.0357142857142,0.9880952380953
2016-17,Walla Walla Public Schools,Race,White,07,SBAC,ELA,221.0,0.1402714932126,0.1990950226244,0.4434389140271,0.2126696832579,0.9954751131222
2016-17,Walla Walla Public Schools,s504,Section 504,07,SBAC,ELA,14.0,0.1428571428571,0.2142857142857,0.5714285714285,0.0714285714285,1.0
2016-17,Walla Walla Public Schools,s504,Non Section 504,07,SBAC,ELA,403.0,0.228287841191,0.2481389578163,0.3746898263027,0.136476426799,0.9875930521092
2016-17,Walla Walla Public Schools,SWD,Students with Disabilities,07,SBAC,ELA,55.0,0.5818181818181,0.2363636363636,0.0727272727272,0.0363636363636,0.9272727272728
2016-17,Walla Walla Public Schools,SWD,Students without Disabilities,07,SBAC,ELA,362.0,0.171270718232,0.2486187845303,0.4281767955801,0.1491712707182,0.9972375690608
2016-17,Walla Walla Public Schools,All,All Students,07,SBAC,Math,417.0,0.3381294964028,0.2853717026378,0.2134292565947,0.1462829736211,0.9832134292566
2016-17,Walla Walla Public Schools,ELL,English Language Learners,07,SBAC,Math,,,,,,
2016-17,Walla Walla Public Schools,ELL,Non-English Language Learners,07,SBAC,Math,,0.2783783783783,0.3,0.2405405405405,0.1648648648648,0.9837837837838
2016-17,Walla Walla Public Schools,Foster,Non-Foster Care,07,SBAC,Math,417.0,0.3381294964028,0.2853717026378,0.2134292565947,0.1462829736211,0.9832134292566
2016-17,Walla Walla Public Schools,FRL,Non-Low Income,07,SBAC,Math,193.0,0.1554404145077,0.2797927461139,0.2953367875647,0.2642487046632,0.9948186528498
2016-17,Walla Walla Public Schools,FRL,Low-Income,07,SBAC,Math,224.0,0.4955357142857,0.2901785714285,0.1428571428571,0.0446428571428,0.9732142857143
2016-17,Walla Walla Public Schools,Gender,Female,07,SBAC,Math,205.0,0.3512195121951,0.3024390243902,0.180487804878,0.160975609756,0.9951219512196
2016-17,Walla Walla Public Schools,Gender,Male,07,SBAC,Math,212.0,0.3254716981132,0.2688679245283,0.2452830188679,0.1320754716981,0.9716981132076
2016-17,Walla Walla Public Schools,homeless,Homeless,07,SBAC,Math,,,,,,
2016-17,Walla Walla Public Schools,homeless,Non-Homeless,07,SBAC,Math,,0.328320802005,0.2832080200501,0.2205513784461,0.1528822055137,0.9849624060151
2016-17,Walla Walla Public Schools,Migrant,Migrant,07,SBAC,Math,,,,,,
2016-17,Walla Walla Public Schools,Migrant,Non Migrant,07,SBAC,Math,,0.3325183374083,0.283618581907,0.2176039119804,0.1491442542787,0.9828850855746
2016-17,Walla Walla Public Schools,Military,Military Parent,07,SBAC,Math,,,,,,
2016-17,Walla Walla Public Schools,All,All Students,08,AIM,Math,,,,,,
2016-17,Walla Walla Public Schools,Military,Non Military Parent,07,SBAC,Math,,0.3389423076923,0.2860576923076,0.2115384615384,0.1466346153846,0.9831730769231
2016-17,Walla Walla Public Schools,Race,Black/ African American,07,SBAC,Math,,,,,,
2016-17,Walla Walla Public Schools,Race,Native Hawaiian/ Other Pacific Islander,07,SBAC,Math,,,,,,
2016-17,Walla Walla Public Schools,Race,Asian,07,SBAC,Math,,,,,,
2016-17,Walla Walla Public Schools,Race,TwoorMoreRaces,07,SBAC,Math,13.0,0.3076923076923,0.1538461538461,0.2307692307692,0.3076923076923,1.0
2016-17,Walla Walla Public Schools,Race,Hispanic/ Latino of any race(s),07,SBAC,Math,168.0,0.4642857142857,0.3333333333333,0.1428571428571,0.0416666666666,0.9821428571429
2016-17,Walla Walla Public Schools,Race,White,07,SBAC,Math,221.0,0.235294117647,0.262443438914,0.2805429864253,0.2126696832579,0.9909502262444
2016-17,Walla Walla Public Schools,s504,Section 504,07,SBAC,Math,14.0,0.2857142857142,0.5,0.2142857142857,0.0,1.0
2016-17,Walla Walla Public Schools,s504,Non Section 504,07,SBAC,Math,403.0,0.3399503722084,0.2779156327543,0.213399503722,0.1513647642679,0.9826302729529
2016-17,Walla Walla Public Schools,SWD,Students with Disabilities,07,SBAC,Math,,,,,,
2016-17,Walla Walla Public Schools,SWD,Students without Disabilities,07,SBAC,Math,,0.2707182320441,0.3149171270718,0.2458563535911,0.1629834254143,0.9944751381216
2016-17,Walla Walla Public Schools,All,All Students,08,AIM,ELA,,,,,,
2016-17,Walla Walla Public Schools,ELL,Non-English Language Learners,08,AIM,ELA,,,,,,
2016-17,Walla Walla Public Schools,Foster,Non-Foster Care,08,AIM,ELA,,,,,,
2016-17,Walla Walla Public Schools,FRL,Low-Income,08,AIM,ELA,,,,,,
2016-17,Walla Walla Public Schools,Gender,Female,08,AIM,ELA,,,,,,
2016-17,Walla Walla Public Schools,Gender,Male,08,AIM,ELA,,,,,,
2016-17,Walla Walla Public Schools,homeless,Non-Homeless,08,AIM,ELA,,,,,,
2016-17,Walla Walla Public Schools,Migrant,Non Migrant,08,AIM,ELA,,,,,,
2016-17,Walla Walla Public Schools,Military,Non Military Parent,08,AIM,ELA,,,,,,
2016-17,Walla Walla Public Schools,Race,White,08,AIM,ELA,,,,,,
2016-17,Walla Walla Public Schools,Race,Hispanic/ Latino of any race(s),08,AIM,ELA,,,,,,
2016-17,Walla Walla Public Schools,s504,Non Section 504,08,AIM,ELA,,,,,,
2016-17,Walla Walla Public Schools,SWD,Students with Disabilities,08,AIM,ELA,,,,,,
2016-17,Walla Walla Public Schools,ELL,Non-English Language Learners,08,AIM,Math,,,,,,
2016-17,Walla Walla Public Schools,Foster,Non-Foster Care,08,AIM,Math,,,,,,
2016-17,Walla Walla Public Schools,FRL,Low-Income,08,AIM,Math,,,,,,
2016-17,Walla Walla Public Schools,Gender,Female,08,AIM,Math,,,,,,
2016-17,Walla Walla Public Schools,Gender,Male,08,AIM,Math,,,,,,
2016-17,Walla Walla Public Schools,homeless,Non-Homeless,08,AIM,Math,,,,,,
2016-17,Walla Walla Public Schools,Migrant,Non Migrant,08,AIM,Math,,,,,,
2016-17,Walla Walla Public Schools,Military,Non Military Parent,08,AIM,Math,,,,,,
2016-17,Walla Walla Public Schools,Race,White,08,AIM,Math,,,,,,
2016-17,Walla Walla Public Schools,Race,Hispanic/ Latino of any race(s),08,AIM,Math,,,,,,
2016-17,Walla Walla Public Schools,s504,Non Section 504,08,AIM,Math,,,,,,
2016-17,Walla Walla Public Schools,SWD,Students with Disabilities,08,AIM,Math,,,,,,
2016-17,Walla Walla Public Schools,SWD,Students with Disabilities,08,SBAC,Math,,,,,,
2016-17,Walla Walla Public Schools,All,All Students,08,SBAC,ELA,401.0,0.2369077306733,0.2768079800498,0.3566084788029,0.0947630922693,0.9650872817956
2016-17,Walla Walla Public Schools,ELL,English Language Learners,08,SBAC,ELA,,,,,,
2016-17,Walla Walla Public Schools,ELL,Non-English Language Learners,08,SBAC,ELA,,0.1939890710382,0.2841530054644,0.3852459016393,0.103825136612,0.9672131147541
2016-17,Walla Walla Public Schools,Foster,Non-Foster Care,08,SBAC,ELA,401.0,0.2369077306733,0.2768079800498,0.3566084788029,0.0947630922693,0.9650872817956
2016-17,Walla Walla Public Schools,FRL,Non-Low Income,08,SBAC,ELA,177.0,0.0903954802259,0.2146892655367,0.4915254237288,0.1751412429378,0.9717514124294
2016-17,Walla Walla Public Schools,FRL,Low-Income,08,SBAC,ELA,224.0,0.3526785714285,0.3258928571428,0.25,0.03125,0.9598214285715
2016-17,Walla Walla Public Schools,Gender,Male,08,SBAC,ELA,188.0,0.3191489361702,0.2712765957446,0.3191489361702,0.063829787234,0.9734042553192
2016-17,Walla Walla Public Schools,Gender,Female,08,SBAC,ELA,213.0,0.1643192488262,0.281690140845,0.3896713615023,0.1220657276995,0.9577464788733
2016-17,Walla Walla Public Schools,homeless,Homeless,08,SBAC,ELA,,,,,,
2016-17,Walla Walla Public Schools,homeless,Non-Homeless,08,SBAC,ELA,,0.2242268041237,0.2757731958762,0.3685567010309,0.0953608247422,0.9639175257732
2016-17,Walla Walla Public Schools,Migrant,Migrant,08,SBAC,ELA,,,,,,
2016-17,Walla Walla Public Schools,Migrant,Non Migrant,08,SBAC,ELA,,0.2323232323232,0.2777777777777,0.3611111111111,0.0959595959595,0.9671717171718
2016-17,Walla Walla Public Schools,Military,Military Parent,08,SBAC,ELA,,,,,,
2016-17,Walla Walla Public Schools,Military,Non Military Parent,08,SBAC,ELA,,0.2375,0.2775,0.3575,0.0925,0.965
2016-17,Walla Walla Public Schools,Race,American Indian/ Alaskan Native,08,SBAC,ELA,,,,,,
2016-17,Walla Walla Public Schools,Race,Black/ African American,08,SBAC,ELA,,,,,,
2016-17,Walla Walla Public Schools,Race,Asian,08,SBAC,ELA,,,,,,
2016-17,Walla Walla Public Schools,Race,TwoorMoreRaces,08,SBAC,ELA,14.0,0.1428571428571,0.0714285714285,0.5714285714285,0.1428571428571,0.9285714285715
2016-17,Walla Walla Public Schools,Race,Hispanic/ Latino of any race(s),08,SBAC,ELA,154.0,0.3246753246753,0.3571428571428,0.2597402597402,0.038961038961,0.9805194805195
2016-17,Walla Walla Public Schools,Race,White,08,SBAC,ELA,222.0,0.1891891891891,0.2252252252252,0.4099099099099,0.1306306306306,0.954954954955
2016-17,Walla Walla Public Schools,s504,Section 504,08,SBAC,ELA,16.0,0.25,0.3125,0.375,0.0,0.9375
2016-17,Walla Walla Public Schools,s504,Non Section 504,08,SBAC,ELA,385.0,0.2363636363636,0.2753246753246,0.3558441558441,0.0987012987012,0.9662337662338
2016-17,Walla Walla Public Schools,SWD,Students with Disabilities,08,SBAC,ELA,,,,,,
2016-17,Walla Walla Public Schools,SWD,Students without Disabilities,08,SBAC,ELA,,0.1855072463768,0.2695652173913,0.4115942028985,0.1101449275362,0.9768115942029
2016-17,Walla Walla Public Schools,All,All Students,08,SBAC,Math,401.0,0.4463840399002,0.2394014962593,0.14463840399,0.1421446384039,0.9725685785537
2016-17,Walla Walla Public Schools,ELL,English Language Learners,08,SBAC,Math,,,,,,
2016-17,Walla Walla Public Schools,ELL,Non-English Language Learners,08,SBAC,Math,,0.3961748633879,0.2622950819672,0.1584699453551,0.155737704918,0.9726775956285
2016-17,Walla Walla Public Schools,Foster,Non-Foster Care,08,SBAC,Math,401.0,0.4463840399002,0.2394014962593,0.14463840399,0.1421446384039,0.9725685785537
2016-17,Walla Walla Public Schools,FRL,Non-Low Income,08,SBAC,Math,177.0,0.2372881355932,0.2655367231638,0.2090395480225,0.2655367231638,0.9774011299436
2016-17,Walla Walla Public Schools,FRL,Low-Income,08,SBAC,Math,224.0,0.6116071428571,0.21875,0.09375,0.0446428571428,0.96875
2016-17,Walla Walla Public Schools,Gender,Male,08,SBAC,Math,188.0,0.4734042553191,0.25,0.1329787234042,0.127659574468,0.9840425531915
2016-17,Walla Walla Public Schools,Gender,Female,08,SBAC,Math,213.0,0.4225352112676,0.2300469483568,0.1549295774647,0.1549295774647,0.962441314554
2016-17,Walla Walla Public Schools,homeless,Homeless,08,SBAC,Math,,,,,,
2016-17,Walla Walla Public Schools,homeless,Non-Homeless,08,SBAC,Math,,0.4355670103092,0.2422680412371,0.1494845360824,0.1443298969072,0.9716494845361
2016-17,Walla Walla Public Schools,Migrant,Migrant,08,SBAC,Math,,,,,,
2016-17,Walla Walla Public Schools,Migrant,Non Migrant,08,SBAC,Math,,0.4419191919191,0.2424242424242,0.1464646464646,0.1439393939393,0.9747474747475
2016-17,Walla Walla Public Schools,Military,Military Parent,08,SBAC,Math,,,,,,
2016-17,Walla Walla Public Schools,Military,Non Military Parent,08,SBAC,Math,,0.4475,0.24,0.1425,0.1425,0.9725
2016-17,Walla Walla Public Schools,Race,American Indian/ Alaskan Native,08,SBAC,Math,,,,,,
2016-17,Walla Walla Public Schools,Race,Black/ African American,08,SBAC,Math,,,,,,
2016-17,Walla Walla Public Schools,Race,Asian,08,SBAC,Math,,,,,,
2016-17,Walla Walla Public Schools,Race,TwoorMoreRaces,08,SBAC,Math,14.0,0.2857142857142,0.1428571428571,0.2142857142857,0.2857142857142,0.9285714285715
2016-17,Walla Walla Public Schools,Race,Hispanic/ Latino of any race(s),08,SBAC,Math,154.0,0.5844155844155,0.2467532467532,0.1103896103896,0.0454545454545,0.987012987013
2016-17,Walla Walla Public Schools,Race,White,08,SBAC,Math,222.0,0.3648648648648,0.2342342342342,0.1666666666666,0.1981981981981,0.963963963964
2016-17,Walla Walla Public Schools,s504,Section 504,08,SBAC,Math,16.0,0.375,0.25,0.25,0.0625,0.9375
2016-17,Walla Walla Public Schools,s504,Non Section 504,08,SBAC,Math,385.0,0.4493506493506,0.238961038961,0.1402597402597,0.1454545454545,0.974025974026
2016-17,Walla Walla Public Schools,SWD,Students without Disabilities,08,SBAC,Math,,0.3739130434782,0.2724637681159,0.1681159420289,0.1652173913043,0.9797101449276
2016-17,Walla Walla Public Schools,All,All Students,11,AIM,ELA,,,,,,
2016-17,Walla Walla Public Schools,ELL,Non-English Language Learners,11,AIM,ELA,,,,,,
2016-17,Walla Walla Public Schools,Foster,Non-Foster Care,11,AIM,ELA,,,,,,
2016-17,Walla Walla Public Schools,FRL,Non-Low Income,11,AIM,ELA,,,,,,
2016-17,Walla Walla Public Schools,FRL,Low-Income,11,AIM,ELA,,,,,,
2016-17,Walla Walla Public Schools,Gender,Female,11,AIM,ELA,,,,,,
2016-17,Walla Walla Public Schools,Gender,Male,11,AIM,ELA,,,,,,
2016-17,Walla Walla Public Schools,homeless,Non-Homeless,11,AIM,ELA,,,,,,
2016-17,Walla Walla Public Schools,Migrant,Non Migrant,11,AIM,ELA,,,,,,
2016-17,Walla Walla Public Schools,Military,Non Military Parent,11,AIM,ELA,,,,,,
2016-17,Walla Walla Public Schools,Race,Hispanic/ Latino of any race(s),11,AIM,ELA,,,,,,
2016-17,Walla Walla Public Schools,Race,White,11,AIM,ELA,,,,,,
2016-17,Walla Walla Public Schools,s504,Non Section 504,11,AIM,ELA,,,,,,
2016-17,Walla Walla Public Schools,SWD,Students with Disabilities,11,AIM,ELA,,,,,,
2016-17,Walla Walla Public Schools,All,All Students,11,AIM,Math,,,,,,
2016-17,Walla Walla Public Schools,ELL,Non-English Language Learners,11,AIM,Math,,,,,,
2016-17,Walla Walla Public Schools,Foster,Non-Foster Care,11,AIM,Math,,,,,,
2016-17,Walla Walla Public Schools,FRL,Non-Low Income,11,AIM,Math,,,,,,
2016-17,Walla Walla Public Schools,FRL,Low-Income,11,AIM,Math,,,,,,
2016-17,Walla Walla Public Schools,Gender,Female,11,AIM,Math,,,,,,
2016-17,Walla Walla Public Schools,Gender,Male,11,AIM,Math,,,,,,
2016-17,Walla Walla Public Schools,homeless,Non-Homeless,11,AIM,Math,,,,,,
2016-17,Walla Walla Public Schools,Migrant,Non Migrant,11,AIM,Math,,,,,,
2016-17,Walla Walla Public Schools,Military,Non Military Parent,11,AIM,Math,,,,,,
2016-17,Walla Walla Public Schools,Race,Hispanic/ Latino of any race(s),11,AIM,Math,,,,,,
2016-17,Walla Walla Public Schools,Race,White,11,AIM,Math,,,,,,
2016-17,Walla Walla Public Schools,s504,Non Section 504,11,AIM,Math,,,,,,
2016-17,Walla Walla Public Schools,SWD,Students with Disabilities,11,AIM,Math,,,,,,
2016-17,Walla Walla Public Schools,All,All Students,11,SBAC,ELA,221.0,0.2126696832579,0.2850678733031,0.2036199095022,0.0316742081447,0.7330316742082
2016-17,Walla Walla Public Schools,ELL,English Language Learners,11,SBAC,ELA,25.0,0.48,0.36,0.12,0.0,0.96
2016-17,Walla Walla Public Schools,ELL,Non-English Language Learners,11,SBAC,ELA,196.0,0.1785714285714,0.2755102040816,0.2142857142857,0.0357142857142,0.7040816326531
2016-17,Walla Walla Public Schools,Foster,Non-Foster Care,11,SBAC,ELA,221.0,0.2126696832579,0.2850678733031,0.2036199095022,0.0316742081447,0.7330316742082
2016-17,Walla Walla Public Schools,FRL,Non-Low Income,11,SBAC,ELA,85.0,0.1882352941176,0.2470588235294,0.1882352941176,0.0588235294117,0.6823529411765
2016-17,Walla Walla Public Schools,FRL,Low-Income,11,SBAC,ELA,136.0,0.2279411764705,0.3088235294117,0.2132352941176,0.0147058823529,0.764705882353
2016-17,Walla Walla Public Schools,Gender,Female,11,SBAC,ELA,98.0,0.2142857142857,0.2551020408163,0.234693877551,0.0408163265306,0.7448979591837
2016-17,Walla Walla Public Schools,Gender,Male,11,SBAC,ELA,123.0,0.2113821138211,0.3089430894308,0.1788617886178,0.0243902439024,0.7235772357724
2016-17,Walla Walla Public Schools,homeless,Homeless,11,SBAC,ELA,,,,,,
2016-17,Walla Walla Public Schools,homeless,Non-Homeless,11,SBAC,ELA,,0.213953488372,0.2883720930232,0.2046511627906,0.0325581395348,0.739534883721
2016-17,Walla Walla Public Schools,Migrant,Migrant,11,SBAC,ELA,,,,,,
2016-17,Walla Walla Public Schools,Migrant,Non Migrant,11,SBAC,ELA,,0.2037037037037,0.2824074074074,0.2083333333333,0.0324074074074,0.7268518518519
2016-17,Walla Walla Public Schools,Military,Military Parent,11,SBAC,ELA,,,,,,
2016-17,Walla Walla Public Schools,Military,Non Military Parent,11,SBAC,ELA,,0.2136363636363,0.2863636363636,0.2045454545454,0.0272727272727,0.7318181818182
2016-17,Walla Walla Public Schools,Race,Native Hawaiian/ Other Pacific Islander,11,SBAC,ELA,,,,,,
2016-17,Walla Walla Public Schools,Race,American Indian/ Alaskan Native,11,SBAC,ELA,,,,,,
2016-17,Walla Walla Public Schools,Race,TwoorMoreRaces,11,SBAC,ELA,,,,,,
2016-17,Walla Walla Public Schools,Race,Asian,11,SBAC,ELA,,,,,,
2016-17,Walla Walla Public Schools,Race,Black/ African American,11,SBAC,ELA,,,,,,
2016-17,Walla Walla Public Schools,Race,Hispanic/ Latino of any race(s),11,SBAC,ELA,77.0,0.2337662337662,0.3896103896103,0.2337662337662,0.012987012987,0.8701298701299
2016-17,Walla Walla Public Schools,Race,White,11,SBAC,ELA,127.0,0.1889763779527,0.2362204724409,0.1811023622047,0.0472440944881,0.6535433070867
2016-17,Walla Walla Public Schools,s504,Section 504,11,SBAC,ELA,,,,,,
2016-17,Walla Walla Public Schools,s504,Non Section 504,11,SBAC,ELA,,0.2169811320754,0.2830188679245,0.1981132075471,0.0330188679245,0.7311320754717
2016-17,Walla Walla Public Schools,SWD,Students with Disabilities,11,SBAC,ELA,,,,,,
2016-17,Walla Walla Public Schools,SWD,Students without Disabilities,11,SBAC,ELA,,0.1533742331288,0.3067484662576,0.2638036809815,0.042944785276,0.7668711656442
2016-17,Walla Walla Public Schools,All,All Students,11,SBAC,Math,487.0,0.2915811088295,0.2279260780287,0.1704312114989,0.088295687885,0.7782340862423
2016-17,Walla Walla Public Schools,ELL,English Language Learners,11,SBAC,Math,,,,,,
2016-17,Walla Walla Public Schools,ELL,Non-English Language Learners,11,SBAC,Math,,0.2614379084967,0.2331154684095,0.1808278867102,0.0936819172113,0.7690631808279
2016-17,Walla Walla Public Schools,Foster,Non-Foster Care,11,SBAC,Math,487.0,0.2915811088295,0.2279260780287,0.1704312114989,0.088295687885,0.7782340862423
2016-17,Walla Walla Public Schools,FRL,Non-Low Income,11,SBAC,Math,239.0,0.2008368200836,0.2343096234309,0.2259414225941,0.1422594142259,0.8033472803348
2016-17,Walla Walla Public Schools,FRL,Low-Income,11,SBAC,Math,248.0,0.3790322580645,0.2217741935483,0.1169354838709,0.0362903225806,0.7540322580646
2016-17,Walla Walla Public Schools,Gender,Female,11,SBAC,Math,243.0,0.2880658436213,0.2427983539094,0.1769547325102,0.0781893004115,0.7860082304527
2016-17,Walla Walla Public Schools,Gender,Male,11,SBAC,Math,244.0,0.2950819672131,0.2131147540983,0.1639344262295,0.0983606557377,0.7704918032787
2016-17,Walla Walla Public Schools,homeless,Homeless,11,SBAC,Math,,,,,,
2016-17,Walla Walla Public Schools,homeless,Non-Homeless,11,SBAC,Math,,0.2943632567849,0.2317327766179,0.1732776617954,0.089770354906,0.7891440501044
2016-17,Walla Walla Public Schools,Migrant,Migrant,11,SBAC,Math,,,,,,
2016-17,Walla Walla Public Schools,Migrant,Non Migrant,11,SBAC,Math,,0.2883817427385,0.2282157676348,0.1721991701244,0.0892116182572,0.7780082987552
2016-17,Walla Walla Public Schools,Military,Military Parent,11,SBAC,Math,,,,,,
2016-17,Walla Walla Public Schools,Military,Non Military Parent,11,SBAC,Math,,0.2921810699588,0.2263374485596,0.1707818930041,0.0884773662551,0.7777777777778
2016-17,Walla Walla Public Schools,Race,Native Hawaiian/ Other Pacific Islander,11,SBAC,Math,,,,,,
2016-17,Walla Walla Public Schools,Race,Black/ African American,11,SBAC,Math,,,,,,
2016-17,Walla Walla Public Schools,Race,American Indian/ Alaskan Native,11,SBAC,Math,,,,,,
2016-17,Walla Walla Public Schools,Race,Asian,11,SBAC,Math,,,,,,
2016-17,Walla Walla Public Schools,Race,TwoorMoreRaces,11,SBAC,Math,12.0,0.25,0.3333333333333,0.1666666666666,0.0833333333333,0.8333333333334
2016-17,Walla Walla Public Schools,Race,Hispanic/ Latino of any race(s),11,SBAC,Math,153.0,0.4248366013071,0.2875816993464,0.0980392156862,0.032679738562,0.843137254902
2016-17,Walla Walla Public Schools,Race,White,11,SBAC,Math,301.0,0.2059800664451,0.2093023255813,0.2059800664451,0.1196013289036,0.7408637873755
2016-17,Walla Walla Public Schools,s504,Section 504,11,SBAC,Math,,,,,,
2016-17,Walla Walla Public Schools,s504,Non Section 504,11,SBAC,Math,,0.2903225806451,0.2236559139784,0.1763440860215,0.0903225806451,0.7806451612904
2016-17,Walla Walla Public Schools,SWD,Students with Disabilities,11,SBAC,Math,,,,,,
2016-17,Walla Walla Public Schools,SWD,Students without Disabilities,11,SBAC,Math,,0.2470862470862,0.2564102564102,0.1934731934731,0.1002331002331,0.7972027972028
2016-17,Walla Walla Public Schools,All,All Students,All Grades,AIM,ELA,29.0,0.103448275862,0.3448275862068,0.3103448275862,0.1724137931034,0.9310344827587
2016-17,Walla Walla Public Schools,ELL,English Language Learners,All Grades,AIM,ELA,,,,,,
2016-17,Walla Walla Public Schools,ELL,Non-English Language Learners,All Grades,AIM,ELA,,0.1071428571428,0.3214285714285,0.3214285714285,0.1785714285714,0.9285714285715
2016-17,Walla Walla Public Schools,Foster,Non-Foster Care,All Grades,AIM,ELA,29.0,0.103448275862,0.3448275862068,0.3103448275862,0.1724137931034,0.9310344827587
2016-17,Walla Walla Public Schools,FRL,Non-Low Income,All Grades,AIM,ELA,,,,,,
2016-17,Walla Walla Public Schools,FRL,Low-Income,All Grades,AIM,ELA,,0.095238095238,0.2857142857142,0.3333333333333,0.1904761904761,0.904761904762
2016-17,Walla Walla Public Schools,Gender,Female,All Grades,AIM,ELA,10.0,0.1,0.4,0.4,0.1,1.0
2016-17,Walla Walla Public Schools,Gender,Male,All Grades,AIM,ELA,19.0,0.1052631578947,0.3157894736842,0.2631578947368,0.2105263157894,0.8947368421053
2016-17,Walla Walla Public Schools,homeless,Non-Homeless,All Grades,AIM,ELA,29.0,0.103448275862,0.3448275862068,0.3103448275862,0.1724137931034,0.9310344827587
2016-17,Walla Walla Public Schools,Migrant,Non Migrant,All Grades,AIM,ELA,29.0,0.103448275862,0.3448275862068,0.3103448275862,0.1724137931034,0.9310344827587
2016-17,Walla Walla Public Schools,Military,Non Military Parent,All Grades,AIM,ELA,29.0,0.103448275862,0.3448275862068,0.3103448275862,0.1724137931034,0.9310344827587
2016-17,Walla Walla Public Schools,Race,Hispanic/ Latino of any race(s),All Grades,AIM,ELA,12.0,0.0833333333333,0.1666666666666,0.5,0.1666666666666,0.9166666666667
2016-17,Walla Walla Public Schools,Race,White,All Grades,AIM,ELA,17.0,0.1176470588235,0.4705882352941,0.1764705882352,0.1764705882352,0.9411764705883
2016-17,Walla Walla Public Schools,s504,Non Section 504,All Grades,AIM,ELA,29.0,0.103448275862,0.3448275862068,0.3103448275862,0.1724137931034,0.9310344827587
2016-17,Walla Walla Public Schools,SWD,Students with Disabilities,All Grades,AIM,ELA,29.0,0.103448275862,0.3448275862068,0.3103448275862,0.1724137931034,0.9310344827587
2016-17,Walla Walla Public Schools,All,All Students,All Grades,AIM,Math,30.0,0.2,0.3666666666666,0.3,0.1,0.9666666666667
2016-17,Walla Walla Public Schools,ELL,English Language Learners,All Grades,AIM,Math,,,,,,
2016-17,Walla Walla Public Schools,ELL,Non-English Language Learners,All Grades,AIM,Math,,0.2068965517241,0.3448275862068,0.3103448275862,0.103448275862,0.9655172413794
2016-17,Walla Walla Public Schools,Foster,Non-Foster Care,All Grades,AIM,Math,30.0,0.2,0.3666666666666,0.3,0.1,0.9666666666667
2016-17,Walla Walla Public Schools,FRL,Non-Low Income,All Grades,AIM,Math,,,,,,
2016-17,Walla Walla Public Schools,FRL,Low-Income,All Grades,AIM,Math,,0.2272727272727,0.3636363636363,0.2727272727272,0.090909090909,0.9545454545455
2016-17,Walla Walla Public Schools,Gender,Female,All Grades,AIM,Math,10.0,0.3,0.4,0.3,0.0,1.0
2016-17,Walla Walla Public Schools,Gender,Male,All Grades,AIM,Math,20.0,0.15,0.35,0.3,0.15,0.95
2016-17,Walla Walla Public Schools,homeless,Non-Homeless,All Grades,AIM,Math,30.0,0.2,0.3666666666666,0.3,0.1,0.9666666666667
2016-17,Walla Walla Public Schools,Migrant,Non Migrant,All Grades,AIM,Math,30.0,0.2,0.3666666666666,0.3,0.1,0.9666666666667
2016-17,Walla Walla Public Schools,Military,Non Military Parent,All Grades,AIM,Math,30.0,0.2,0.3666666666666,0.3,0.1,0.9666666666667
2016-17,Walla Walla Public Schools,Race,Hispanic/ Latino of any race(s),All Grades,AIM,Math,12.0,0.1666666666666,0.3333333333333,0.4166666666666,0.0833333333333,1.0
2016-17,Walla Walla Public Schools,Race,White,All Grades,AIM,Math,18.0,0.2222222222222,0.3888888888888,0.2222222222222,0.1111111111111,0.9444444444445
2016-17,Walla Walla Public Schools,s504,Non Section 504,All Grades,AIM,Math,30.0,0.2,0.3666666666666,0.3,0.1,0.9666666666667
2016-17,Walla Walla Public Schools,SWD,Students with Disabilities,All Grades,AIM,Math,30.0,0.2,0.3666666666666,0.3,0.1,0.9666666666667
2016-17,Walla Walla Public Schools,All,All Students,All Grades,SBAC,ELA,2691.0,0.2738758825715,0.2474916387959,0.2805648457822,0.1627647714604,0.9646971386102
2016-17,Walla Walla Public Schools,ELL,English Language Learners,All Grades,SBAC,ELA,382.0,0.6675392670157,0.2434554973821,0.0706806282722,0.0078534031413,0.9895287958116
2016-17,Walla Walla Public Schools,ELL,Non-English Language Learners,All Grades,SBAC,ELA,2309.0,0.2087483759203,0.2481593763533,0.3152880034647,0.1883932438284,0.960588999567
2016-17,Walla Walla Public Schools,Foster,Non-Foster Care,All Grades,SBAC,ELA,2691.0,0.2738758825715,0.2474916387959,0.2805648457822,0.1627647714604,0.9646971386102
2016-17,Walla Walla Public Schools,FRL,Non-Low Income,All Grades,SBAC,ELA,1160.0,0.1241379310344,0.1939655172413,0.3431034482758,0.303448275862,0.9646551724138
2016-17,Walla Walla Public Schools,FRL,Low-Income,All Grades,SBAC,ELA,1531.0,0.3873285434356,0.2880470280862,0.2331809274983,0.0561724363161,0.9647289353364
2016-17,Walla Walla Public Schools,Gender,Female,All Grades,SBAC,ELA,1303.0,0.233307751343,0.2478894858019,0.2985418265541,0.1918649270913,0.9716039907905
2016-17,Walla Walla Public Schools,Gender,Male,All Grades,SBAC,ELA,1388.0,0.3119596541786,0.2471181556195,0.2636887608069,0.1354466858789,0.9582132564842
2016-17,Walla Walla Public Schools,homeless,Homeless,All Grades,SBAC,ELA,83.0,0.4578313253012,0.289156626506,0.1686746987951,0.0361445783132,0.9518072289157
2016-17,Walla Walla Public Schools,homeless,Non-Homeless,All Grades,SBAC,ELA,2608.0,0.2680214723926,0.2461656441717,0.2841257668711,0.1667944785276,0.9651073619632
2016-17,Walla Walla Public Schools,Migrant,Migrant,All Grades,SBAC,ELA,41.0,0.5853658536585,0.2926829268292,0.0731707317073,0.0243902439024,0.9756097560976
2016-17,Walla Walla Public Schools,Migrant,Non Migrant,All Grades,SBAC,ELA,2650.0,0.2690566037735,0.2467924528301,0.2837735849056,0.1649056603773,0.9645283018868
2016-17,Walla Walla Public Schools,Military,Military Parent,All Grades,SBAC,ELA,19.0,0.2105263157894,0.2631578947368,0.2631578947368,0.2631578947368,1.0
2016-17,Walla Walla Public Schools,Military,Non Military Parent,All Grades,SBAC,ELA,2672.0,0.2743263473053,0.2473802395209,0.2806886227544,0.1620508982035,0.9644461077845
2016-17,Walla Walla Public Schools,Race,Native Hawaiian/ Other Pacific Islander,All Grades,SBAC,ELA,,,,,,
2016-17,Walla Walla Public Schools,Race,American Indian/ Alaskan Native,All Grades,SBAC,ELA,,,,,,
2016-17,Walla Walla Public Schools,Race,Black/ African American,All Grades,SBAC,ELA,24.0,0.4166666666666,0.2083333333333,0.25,0.0,0.875
2016-17,Walla Walla Public Schools,Race,Asian,All Grades,SBAC,ELA,38.0,0.1578947368421,0.2368421052631,0.3947368421052,0.1842105263157,0.9736842105264
2016-17,Walla Walla Public Schools,Race,TwoorMoreRaces,All Grades,SBAC,ELA,86.0,0.2674418604651,0.1976744186046,0.3023255813953,0.2093023255813,0.9767441860466
2016-17,Walla Walla Public Schools,Race,Hispanic/ Latino of any race(s),All Grades,SBAC,ELA,1091.0,0.3858845096241,0.3070577451879,0.2273143904674,0.0623281393217,0.9825847846013
2016-17,Walla Walla Public Schools,Race,White,All Grades,SBAC,ELA,1438.0,0.1891515994436,0.2058414464534,0.3184979137691,0.2392211404728,0.9527121001391
2016-17,Walla Walla Public Schools,s504,Section 504,All Grades,SBAC,ELA,87.0,0.2643678160919,0.287356321839,0.3218390804597,0.0689655172413,0.9425287356322
2016-17,Walla Walla Public Schools,s504,Non Section 504,All Grades,SBAC,ELA,2604.0,0.274193548387,0.2461597542242,0.2791858678955,0.1658986175115,0.9654377880185
2016-17,Walla Walla Public Schools,SWD,Students with Disabilities,All Grades,SBAC,ELA,387.0,0.6382428940568,0.1860465116279,0.0439276485788,0.0258397932816,0.8940568475453
2016-17,Walla Walla Public Schools,SWD,Students without Disabilities,All Grades,SBAC,ELA,2304.0,0.2126736111111,0.2578125,0.3203125,0.1857638888888,0.9765625
2016-17,Walla Walla Public Schools,All,All Students,All Grades,SBAC,Math,2958.0,0.3346855983772,0.263015551048,0.1987829614604,0.1548343475321,0.9513184584179
2016-17,Walla Walla Public Schools,ELL,English Language Learners,All Grades,SBAC,Math,386.0,0.7072538860103,0.2331606217616,0.0440414507772,0.0025906735751,0.9870466321244
2016-17,Walla Walla Public Schools,ELL,Non-English Language Learners,All Grades,SBAC,Math,2572.0,0.2787713841368,0.2674961119751,0.2220062208398,0.1776827371695,0.9459564541214
2016-17,Walla Walla Public Schools,Foster,Non-Foster Care,All Grades,SBAC,Math,2958.0,0.3346855983772,0.263015551048,0.1987829614604,0.1548343475321,0.9513184584179
2016-17,Walla Walla Public Schools,FRL,Non-Low Income,All Grades,SBAC,Math,1315.0,0.1809885931558,0.2304182509505,0.2661596958174,0.2752851711026,0.9528517110267
2016-17,Walla Walla Public Schools,FRL,Low-Income,All Grades,SBAC,Math,1643.0,0.457699330493,0.2891052951917,0.1448569689592,0.058429701765,0.9500912964091
2016-17,Walla Walla Public Schools,Gender,Female,All Grades,SBAC,Math,1450.0,0.331724137931,0.2737931034482,0.1958620689655,0.1531034482758,0.9544827586207
2016-17,Walla Walla Public Schools,Gender,Male,All Grades,SBAC,Math,1508.0,0.3375331564986,0.2526525198938,0.2015915119363,0.15649867374,0.948275862069
2016-17,Walla Walla Public Schools,homeless,Homeless,All Grades,SBAC,Math,85.0,0.5882352941176,0.2,0.0941176470588,0.0235294117647,0.9058823529412
2016-17,Walla Walla Public Schools,homeless,Non-Homeless,All Grades,SBAC,Math,2873.0,0.3271841280891,0.2648799164636,0.2018795683954,0.1587191089453,0.9526627218935
2016-17,Walla Walla Public Schools,Migrant,Migrant,All Grades,SBAC,Math,42.0,0.5714285714285,0.2857142857142,0.095238095238,0.0,0.952380952381
2016-17,Walla Walla Public Schools,Migrant,Non Migrant,All Grades,SBAC,Math,2916.0,0.3312757201646,0.2626886145404,0.2002743484224,0.1570644718792,0.9513031550069
2016-17,Walla Walla Public Schools,Military,Military Parent,All Grades,SBAC,Math,19.0,0.1578947368421,0.3684210526315,0.3684210526315,0.1052631578947,1.0
2016-17,Walla Walla Public Schools,Military,Non Military Parent,All Grades,SBAC,Math,2939.0,0.3358285130996,0.2623341272541,0.197686287853,0.1551548145627,0.9510037427697
2016-17,Walla Walla Public Schools,Race,Black/ African American,All Grades,SBAC,Math,,,,,,
2016-17,Walla Walla Public Schools,Race,Native Hawaiian/ Other Pacific Islander,All Grades,SBAC,Math,,,,,,
2016-17,Walla Walla Public Schools,Race,American Indian/ Alaskan Native,All Grades,SBAC,Math,,0.6666666666666,0.0833333333333,0.0833333333333,0.0833333333333,0.9166666666667
2016-17,Walla Walla Public Schools,Race,Asian,All Grades,SBAC,Math,43.0,0.3488372093023,0.1162790697674,0.2558139534883,0.2558139534883,0.9767441860466
2016-17,Walla Walla Public Schools,Race,TwoorMoreRaces,All Grades,SBAC,Math,95.0,0.2947368421052,0.2210526315789,0.2105263157894,0.2421052631578,0.9684210526316
2016-17,Walla Walla Public Schools,Race,Hispanic/ Latino of any race(s),All Grades,SBAC,Math,1168.0,0.4606164383561,0.3099315068493,0.146404109589,0.0539383561643,0.970890410959
2016-17,Walla Walla Public Schools,Race,White,All Grades,SBAC,Math,1611.0,0.2383612662942,0.2364990689013,0.2389819987585,0.2234636871508,0.937306021105
2016-17,Walla Walla Public Schools,s504,Section 504,All Grades,SBAC,Math,100.0,0.31,0.36,0.16,0.08,0.91
2016-17,Walla Walla Public Schools,s504,Non Section 504,All Grades,SBAC,Math,2858.0,0.3355493351994,0.2596221133659,0.2001399580125,0.1574527641707,0.9527641707488
2016-17,Walla Walla Public Schools,SWD,Students with Disabilities,All Grades,SBAC,Math,386.0,0.7668393782383,0.0829015544041,0.0362694300518,0.0155440414507,0.9015544041451
2016-17,Walla Walla Public Schools,SWD,Students without Disabilities,All Grades,SBAC,Math,2572.0,0.2698289269051,0.2900466562986,0.2231726283048,0.1757387247278,0.9587869362364
