SchoolYear,DistrictName,StudentGroupType,StudentGroup,GradeLevel,TestAdministration,TestSubject,Suppression,Count of Students Expected to Test,CountMetStandard,PercentMetStandard,PercentLevel1,PercentLevel2,PercentLevel3,PercentLevel4,PercentMetTestedOnly,Percent No Score,Percent Participation
2024-25,Walla Walla Public Schools,All,All Students,03,SBAC,Math,,331,145,43.8%,0.32326283988,0.22054380665,0.22960725076,0.2084592145,0.44615384615,0.01812688822,0.98187311178
2024-25,Walla Walla Public Schools,All,All Students,03,SBAC,ELA,,331,136,41.1%,0.32326283988,0.25075528701,0.21450151057,0.19637462236,0.41717791411,0.01510574018,0.98489425982
2024-25,Walla Walla Public Schools,All,All Students,03,AIM,ELA,N<10,,,N<10,,,,,,,
2024-25,Walla Walla Public Schools,All,All Students,03,AIM,Math,N<10,,,N<10,,,,,,,
2024-25,Walla Walla Public Schools,All,All Students,04,AIM,Math,N<10,,,N<10,,,,,,,
2024-25,Walla Walla Public Schools,All,All Students,04,SBAC,ELA,,363,137,37.7%,0.39393939394,0.21487603306,0.18181818182,0.1955922865,0.38268156425,0.01377410468,0.98622589532
2024-25,Walla Walla Public Schools,All,All Students,04,AIM,ELA,N<10,,,N<10,,,,,,,
2024-25,Walla Walla Public Schools,All,All Students,04,SBAC,Math,,363,136,37.5%,0.29476584022,0.31955922865,0.18732782369,0.18732782369,0.37883008357,0.01101928375,0.98898071625
2024-25,Walla Walla Public Schools,All,All Students,05,AIM,Math,N<10,,,N<10,,,,,,,
2024-25,Walla Walla Public Schools,All,All Students,05,SBAC,ELA,,394,179,45.4%,0.34010152284,0.17766497462,0.23096446701,0.22335025381,0.46736292428,0.02791878173,0.97208121827
2024-25,Walla Walla Public Schools,All,All Students,05,SBAC,Math,,394,155,39.3%,0.31725888325,0.2538071066,0.16497461929,0.22842639594,0.40789473684,0.03553299492,0.96446700508
2024-25,Walla Walla Public Schools,All,All Students,05,AIM,ELA,N<10,,,N<10,,,,,,,
2024-25,Walla Walla Public Schools,All,All Students,06,AIM,Math,N<10,,,N<10,,,,,,,
2024-25,Walla Walla Public Schools,All,All Students,06,SBAC,ELA,,401,161,40.2%,0.34413965087,0.20199501247,0.26184538653,0.13965087282,0.42368421053,0.05236907731,0.94763092269
2024-25,Walla Walla Public Schools,All,All Students,06,AIM,ELA,N<10,,,N<10,,,,,,,
2024-25,Walla Walla Public Schools,All,All Students,06,SBAC,Math,,401,117,29.2%,0.43142144638,0.22443890274,0.12718204489,0.16458852868,0.30789473684,0.05236907731,0.94763092269
2024-25,Walla Walla Public Schools,All,All Students,07,SBAC,ELA,,377,145,38.5%,0.34217506631,0.20954907162,0.23342175066,0.15119363395,0.41076487252,0.06366047745,0.93633952255
2024-25,Walla Walla Public Schools,All,All Students,07,AIM,ELA,N<10,,,N<10,,,,,,,
2024-25,Walla Walla Public Schools,All,All Students,07,SBAC,Math,,377,111,29.4%,0.39522546419,0.24137931034,0.11405835544,0.18037135279,0.31623931624,0.06896551724,0.93103448276
2024-25,Walla Walla Public Schools,All,All Students,07,AIM,Math,N<10,,,N<10,,,,,,,
2024-25,Walla Walla Public Schools,All,All Students,08,AIM,ELA,N<10,,,N<10,,,,,,,
2024-25,Walla Walla Public Schools,All,All Students,08,AIM,Math,N<10,,,N<10,,,,,,,
2024-25,Walla Walla Public Schools,All,All Students,08,SBAC,Math,,373,110,29.5%,0.42627345845,0.19571045576,0.12868632708,0.16621983914,0.3216374269,0.08310991957,0.91689008043
2024-25,Walla Walla Public Schools,All,All Students,08,SBAC,ELA,,373,167,44.8%,0.22788203753,0.25469168901,0.30026809651,0.14745308311,0.48126801153,0.06970509383,0.93029490617
2024-25,Walla Walla Public Schools,All,All Students,10,AIM,ELA,N<10,,,N<10,,,,,,,
2024-25,Walla Walla Public Schools,All,All Students,10,AIM,Math,N<10,,,N<10,,,,,,,
2024-25,Walla Walla Public Schools,All,All Students,10,SBAC,ELA,,471,251,53.3%,0.2144373673,0.17409766454,0.28450106157,0.24840764331,0.57834101382,0.07855626327,0.92144373673
2024-25,Walla Walla Public Schools,All,All Students,10,SBAC,Math,,472,111,23.5%,0.47245762712,0.20127118644,0.11440677966,0.12076271186,0.25874125874,0.09110169492,0.90889830508
2024-25,Walla Walla Public Schools,All,All Students,All Grades,AIM,ELA,<8%,,,7.9%,0.39473684211,0.52631578947,0.07894736842,0.0,0.07894736842,0.0,
2024-25,Walla Walla Public Schools,All,All Students,All Grades,SBAC,ELA,,"2,710","1,176",43.4%,0.30885608856,0.20959409594,0.24612546125,0.18782287823,0.45563734986,0.04760147601,0.95239852399
2024-25,Walla Walla Public Schools,All,All Students,All Grades,AIM,Math,,38,8,21.1%,0.07894736842,0.71052631579,0.21052631579,0.0,0.21052631579,0.0,1.0
2024-25,Walla Walla Public Schools,All,All Students,All Grades,SBAC,Math,,"2,711",885,32.6%,0.38472888233,0.23533751383,0.1493913685,0.17705643674,0.34489477786,0.0534857986,0.9465142014
2024-25,Walla Walla Public Schools,ELL,English Language Learners,03,SBAC,Math,,79,14,17.7%,0.60759493671,0.20253164557,0.15189873418,0.0253164557,0.17948717949,0.01265822785,0.98734177215
2024-25,Walla Walla Public Schools,ELL,English Language Learners,03,AIM,Math,N<10,,,N<10,,,,,,,
2024-25,Walla Walla Public Schools,ELL,English Language Learners,03,AIM,ELA,N<10,,,N<10,,,,,,,
2024-25,Walla Walla Public Schools,ELL,English Language Learners,03,SBAC,ELA,,79,10,12.7%,0.54430379747,0.3164556962,0.10126582278,0.0253164557,0.12820512821,0.01265822785,0.98734177215
2024-25,Walla Walla Public Schools,ELL,English Language Learners,04,AIM,Math,N<10,,,N<10,,,,,,,
2024-25,Walla Walla Public Schools,ELL,English Language Learners,04,AIM,ELA,N<10,,,N<10,,,,,,,
2024-25,Walla Walla Public Schools,ELL,English Language Learners,04,SBAC,ELA,,88,10,11.4%,0.65909090909,0.22727272727,0.09090909091,0.02272727273,0.11363636364,0.0,1.0
2024-25,Walla Walla Public Schools,ELL,English Language Learners,04,SBAC,Math,,88,9,10.2%,0.56818181818,0.32954545455,0.07954545455,0.02272727273,0.10227272727,0.0,1.0
2024-25,Walla Walla Public Schools,ELL,English Language Learners,05,AIM,Math,N<10,,,N<10,,,,,,,
2024-25,Walla Walla Public Schools,ELL,English Language Learners,05,AIM,ELA,N<10,,,N<10,,,,,,,
2024-25,Walla Walla Public Schools,ELL,English Language Learners,05,SBAC,Math,<4%,,,4.0%,,,,,,,
2024-25,Walla Walla Public Schools,ELL,English Language Learners,05,SBAC,ELA,,75,6,8.0%,0.69333333333,0.21333333333,0.08,0.0,0.08108108108,0.01333333333,0.98666666667
2024-25,Walla Walla Public Schools,ELL,English Language Learners,06,AIM,Math,N<10,,,N<10,,,,,,,
2024-25,Walla Walla Public Schools,ELL,English Language Learners,06,SBAC,ELA,<5%,,,<5%,,,,,,,
2024-25,Walla Walla Public Schools,ELL,English Language Learners,06,SBAC,Math,<5%,,,<5%,,,,,,,
2024-25,Walla Walla Public Schools,ELL,English Language Learners,06,AIM,ELA,N<10,,,N<10,,,,,,,
2024-25,Walla Walla Public Schools,ELL,English Language Learners,07,SBAC,Math,<5%,,,4.9%,0.72131147541,0.13114754098,0.04918032787,0.0,0.05454545455,0.09836065574,
2024-25,Walla Walla Public Schools,ELL,English Language Learners,07,SBAC,ELA,<5%,,,<5%,,,,,,,
2024-25,Walla Walla Public Schools,ELL,English Language Learners,07,AIM,Math,N<10,,,N<10,,,,,,,
2024-25,Walla Walla Public Schools,ELL,English Language Learners,07,AIM,ELA,N<10,,,N<10,,,,,,,
2024-25,Walla Walla Public Schools,ELL,English Language Learners,08,SBAC,Math,<6%,,,<6%,,,,,,,
2024-25,Walla Walla Public Schools,ELL,English Language Learners,08,AIM,ELA,N<10,,,N<10,,,,,,,
2024-25,Walla Walla Public Schools,ELL,English Language Learners,08,SBAC,ELA,,50,6,12.0%,0.5,0.26,0.12,0.0,0.13636363636,0.12,0.88
2024-25,Walla Walla Public Schools,ELL,English Language Learners,08,AIM,Math,N<10,,,N<10,,,,,,,
2024-25,Walla Walla Public Schools,ELL,English Language Learners,10,AIM,ELA,N<10,,,N<10,,,,,,,
2024-25,Walla Walla Public Schools,ELL,English Language Learners,10,AIM,Math,N<10,,,N<10,,,,,,,
2024-25,Walla Walla Public Schools,ELL,English Language Learners,10,SBAC,Math,<6%,,,<6%,,,,,,,
2024-25,Walla Walla Public Schools,ELL,English Language Learners,10,SBAC,ELA,<6%,,,5.8%,0.61538461538,0.26923076923,0.05769230769,0.0,0.0612244898,0.05769230769,
2024-25,Walla Walla Public Schools,ELL,English Language Learners,All Grades,AIM,ELA,<21%,,,<21%,,,,,,,
2024-25,Walla Walla Public Schools,ELL,English Language Learners,All Grades,SBAC,ELA,,468,38,8.1%,0.64743589744,0.23504273504,0.07264957265,0.00854700855,0.08425720621,0.03632478632,0.96367521368
2024-25,Walla Walla Public Schools,ELL,English Language Learners,All Grades,SBAC,Math,,469,32,6.8%,0.70149253731,0.18763326226,0.05330490405,0.01492537313,0.07126948775,0.04264392324,0.95735607676
2024-25,Walla Walla Public Schools,ELL,English Language Learners,All Grades,AIM,Math,<21%,,,<21%,,,,,,,
2024-25,Walla Walla Public Schools,ELL,Non-English Language Learners,03,AIM,ELA,N<10,,,N<10,,,,,,,
2024-25,Walla Walla Public Schools,ELL,Non-English Language Learners,03,SBAC,ELA,,252,126,50.0%,0.25396825397,0.23015873016,0.25,0.25,0.50806451613,0.01587301587,0.98412698413
2024-25,Walla Walla Public Schools,ELL,Non-English Language Learners,03,AIM,Math,N<10,,,N<10,,,,,,,
2024-25,Walla Walla Public Schools,ELL,Non-English Language Learners,03,SBAC,Math,,252,131,52.0%,0.23412698413,0.22619047619,0.25396825397,0.26587301587,0.53036437247,0.01984126984,0.98015873016
2024-25,Walla Walla Public Schools,ELL,Non-English Language Learners,04,SBAC,Math,,275,127,46.2%,0.20727272727,0.31636363636,0.22181818182,0.24,0.46863468635,0.01454545455,0.98545454545
2024-25,Walla Walla Public Schools,ELL,Non-English Language Learners,04,SBAC,ELA,,275,127,46.2%,0.30909090909,0.21090909091,0.21090909091,0.25090909091,0.47037037037,0.01818181818,0.98181818182
2024-25,Walla Walla Public Schools,ELL,Non-English Language Learners,04,AIM,ELA,N<10,,,N<10,,,,,,,
2024-25,Walla Walla Public Schools,ELL,Non-English Language Learners,04,AIM,Math,N<10,,,N<10,,,,,,,
2024-25,Walla Walla Public Schools,ELL,Non-English Language Learners,05,AIM,ELA,N<10,,,N<10,,,,,,,
2024-25,Walla Walla Public Schools,ELL,Non-English Language Learners,05,SBAC,Math,Cross Student Group - Top/Bottom,,,47.6%,0.24451410658,0.23824451411,0.20062695925,0.27586206897,0.49673202614,0.0407523511,0.9592476489
2024-25,Walla Walla Public Schools,ELL,Non-English Language Learners,05,SBAC,ELA,,319,173,54.2%,0.25705329154,0.16927899687,0.26645768025,0.27586206897,0.55987055016,0.03134796238,0.96865203762
2024-25,Walla Walla Public Schools,ELL,Non-English Language Learners,05,AIM,Math,N<10,,,N<10,,,,,,,
2024-25,Walla Walla Public Schools,ELL,Non-English Language Learners,06,AIM,ELA,N<10,,,N<10,,,,,,,
2024-25,Walla Walla Public Schools,ELL,Non-English Language Learners,06,SBAC,ELA,Cross Student Group - Top/Bottom,,,47.0%,0.26331360947,0.20710059172,0.30473372781,0.16568047337,0.5,0.05917159763,0.94082840237
2024-25,Walla Walla Public Schools,ELL,Non-English Language Learners,06,SBAC,Math,Cross Student Group - Top/Bottom,,,34.0%,0.34023668639,0.26035502959,0.14792899408,0.19230769231,0.36163522013,0.05917159763,0.94082840237
2024-25,Walla Walla Public Schools,ELL,Non-English Language Learners,06,AIM,Math,N<10,,,N<10,,,,,,,
2024-25,Walla Walla Public Schools,ELL,Non-English Language Learners,07,SBAC,ELA,Cross Student Group - Top/Bottom,,,45.6%,0.26898734177,0.21518987342,0.2753164557,0.18037974684,0.48484848485,0.06012658228,0.93987341772
2024-25,Walla Walla Public Schools,ELL,Non-English Language Learners,07,SBAC,Math,Cross Student Group - Top/Bottom,,,34.2%,0.33227848101,0.26265822785,0.12658227848,0.21518987342,0.36486486486,0.06329113924,0.93670886076
2024-25,Walla Walla Public Schools,ELL,Non-English Language Learners,07,AIM,Math,N<10,,,N<10,,,,,,,
2024-25,Walla Walla Public Schools,ELL,Non-English Language Learners,07,AIM,ELA,N<10,,,N<10,,,,,,,
2024-25,Walla Walla Public Schools,ELL,Non-English Language Learners,08,SBAC,ELA,,323,161,49.9%,0.18575851393,0.25386996904,0.32817337461,0.17027863777,0.53135313531,0.06191950464,0.93808049536
2024-25,Walla Walla Public Schools,ELL,Non-English Language Learners,08,SBAC,Math,Cross Student Group - Top/Bottom,,,33.7%,0.38080495356,0.20433436533,0.14551083591,0.1919504644,0.36577181208,0.0773993808,0.9226006192
2024-25,Walla Walla Public Schools,ELL,Non-English Language Learners,10,SBAC,Math,Cross Student Group - Top/Bottom,,,26.5%,0.42243436754,0.22195704057,0.12887828162,0.13603818616,0.29133858268,0.09069212411,0.90930787589
2024-25,Walla Walla Public Schools,ELL,Non-English Language Learners,10,AIM,Math,N<10,,,N<10,,,,,,,
2024-25,Walla Walla Public Schools,ELL,Non-English Language Learners,10,AIM,ELA,N<10,,,N<10,,,,,,,
2024-25,Walla Walla Public Schools,ELL,Non-English Language Learners,10,SBAC,ELA,Cross Student Group - Top/Bottom,,,59.2%,0.1646778043,0.16229116945,0.31264916468,0.27923627685,0.64415584416,0.08114558473,0.91885441527
2024-25,Walla Walla Public Schools,ELL,Non-English Language Learners,All Grades,AIM,Math,Cross Student Group - Top/Bottom,,,25.0%,0.125,0.625,0.25,0.0,0.25,0.0,
2024-25,Walla Walla Public Schools,ELL,Non-English Language Learners,All Grades,SBAC,Math,,"2,242",853,38.1%,0.31846565566,0.24531668153,0.16949152542,0.21097234612,0.40292867265,0.05575379126,0.94424620874
2024-25,Walla Walla Public Schools,ELL,Non-English Language Learners,All Grades,AIM,ELA,<13%,,,<13%,,,,,,,
2024-25,Walla Walla Public Schools,ELL,Non-English Language Learners,All Grades,SBAC,ELA,,"2,242","1,138",50.8%,0.23818019625,0.20428189117,0.28233719893,0.22524531668,0.53427230047,0.04995539697,0.95004460303
2024-25,Walla Walla Public Schools,FRL,Low-Income,03,AIM,ELA,N<10,,,N<10,,,,,,,
2024-25,Walla Walla Public Schools,FRL,Low-Income,03,SBAC,ELA,,237,77,32.5%,0.38818565401,0.27848101266,0.18565400844,0.13924050633,0.32765957447,0.00843881857,0.99156118143
2024-25,Walla Walla Public Schools,FRL,Low-Income,03,SBAC,Math,,237,82,34.6%,0.40928270042,0.23628691983,0.2194092827,0.12658227848,0.34893617021,0.00843881857,0.99156118143
2024-25,Walla Walla Public Schools,FRL,Low-Income,03,AIM,Math,N<10,,,N<10,,,,,,,
2024-25,Walla Walla Public Schools,FRL,Low-Income,04,AIM,ELA,N<10,,,N<10,,,,,,,
2024-25,Walla Walla Public Schools,FRL,Low-Income,04,AIM,Math,N<10,,,N<10,,,,,,,
2024-25,Walla Walla Public Schools,FRL,Low-Income,04,SBAC,Math,,251,73,29.1%,0.35856573705,0.34262948207,0.1593625498,0.13147410359,0.29317269076,0.00796812749,0.99203187251
2024-25,Walla Walla Public Schools,FRL,Low-Income,04,SBAC,ELA,,251,73,29.1%,0.47011952191,0.23107569721,0.16334661355,0.12749003984,0.29317269076,0.00796812749,0.99203187251
2024-25,Walla Walla Public Schools,FRL,Low-Income,05,AIM,Math,N<10,,,N<10,,,,,,,
2024-25,Walla Walla Public Schools,FRL,Low-Income,05,SBAC,Math,,271,80,29.5%,0.38376383764,0.28044280443,0.16236162362,0.13284132841,0.30769230769,0.0405904059,0.9594095941
2024-25,Walla Walla Public Schools,FRL,Low-Income,05,AIM,ELA,N<10,,,N<10,,,,,,,
2024-25,Walla Walla Public Schools,FRL,Low-Income,05,SBAC,ELA,,271,98,36.2%,0.44280442804,0.16605166052,0.24723247232,0.11439114391,0.37262357414,0.0295202952,0.9704797048
2024-25,Walla Walla Public Schools,FRL,Low-Income,06,AIM,ELA,N<10,,,N<10,,,,,,,
2024-25,Walla Walla Public Schools,FRL,Low-Income,06,AIM,Math,N<10,,,N<10,,,,,,,
2024-25,Walla Walla Public Schools,FRL,Low-Income,06,SBAC,ELA,,266,87,32.7%,0.40977443609,0.21052631579,0.23684210526,0.09022556391,0.34523809524,0.05263157895,0.94736842105
2024-25,Walla Walla Public Schools,FRL,Low-Income,06,SBAC,Math,,266,58,21.8%,0.52255639098,0.20676691729,0.11278195489,0.10526315789,0.23015873016,0.05263157895,0.94736842105
2024-25,Walla Walla Public Schools,FRL,Low-Income,07,SBAC,ELA,,253,66,26.1%,0.42687747036,0.23320158103,0.19367588933,0.06719367589,0.28326180258,0.0790513834,0.9209486166
2024-25,Walla Walla Public Schools,FRL,Low-Income,07,AIM,ELA,N<10,,,N<10,,,,,,,
2024-25,Walla Walla Public Schools,FRL,Low-Income,07,AIM,Math,N<10,,,N<10,,,,,,,
2024-25,Walla Walla Public Schools,FRL,Low-Income,07,SBAC,Math,,253,44,17.4%,0.48221343874,0.26086956522,0.08695652174,0.08695652174,0.18965517241,0.08300395257,0.91699604743
2024-25,Walla Walla Public Schools,FRL,Low-Income,08,AIM,Math,N<10,,,N<10,,,,,,,
2024-25,Walla Walla Public Schools,FRL,Low-Income,08,SBAC,ELA,,253,88,34.8%,0.26482213439,0.29249011858,0.26482213439,0.08300395257,0.38427947598,0.09486166008,0.90513833992
2024-25,Walla Walla Public Schools,FRL,Low-Income,08,SBAC,Math,,253,53,21.0%,0.48616600791,0.19367588933,0.11462450593,0.09486166008,0.23555555556,0.11067193676,0.88932806324
2024-25,Walla Walla Public Schools,FRL,Low-Income,08,AIM,ELA,N<10,,,N<10,,,,,,,
2024-25,Walla Walla Public Schools,FRL,Low-Income,10,SBAC,Math,,312,40,12.8%,0.58653846154,0.16666666667,0.07692307692,0.05128205128,0.14545454545,0.11858974359,0.88141025641
2024-25,Walla Walla Public Schools,FRL,Low-Income,10,SBAC,ELA,,311,124,39.9%,0.28938906752,0.21221864952,0.2540192926,0.14469453376,0.44285714286,0.09967845659,0.90032154341
2024-25,Walla Walla Public Schools,FRL,Low-Income,10,AIM,ELA,N<10,,,N<10,,,,,,,
2024-25,Walla Walla Public Schools,FRL,Low-Income,10,AIM,Math,N<10,,,N<10,,,,,,,
2024-25,Walla Walla Public Schools,FRL,Low-Income,All Grades,SBAC,ELA,,"1,842",613,33.3%,0.38219326819,0.23018458198,0.22258414767,0.1102062975,0.35209649627,0.05483170467,0.94516829533
2024-25,Walla Walla Public Schools,FRL,Low-Income,All Grades,SBAC,Math,,"1,843",430,23.3%,0.46554530657,0.23874118285,0.13076505697,0.10255018991,0.24884259259,0.0623982637,0.9376017363
2024-25,Walla Walla Public Schools,FRL,Low-Income,All Grades,AIM,ELA,<9%,,,8.6%,0.4,0.51428571429,0.08571428571,0.0,0.08571428571,0.0,
2024-25,Walla Walla Public Schools,FRL,Low-Income,All Grades,AIM,Math,Cross Student Group - N<10,,,22.9%,0.05714285714,0.71428571429,0.22857142857,0.0,0.22857142857,0.0,
2024-25,Walla Walla Public Schools,FRL,Non-Low Income,03,SBAC,Math,,94,63,67.0%,0.10638297872,0.18085106383,0.25531914894,0.41489361702,0.7,0.04255319149,0.95744680851
2024-25,Walla Walla Public Schools,FRL,Non-Low Income,03,SBAC,ELA,,94,59,62.8%,0.15957446809,0.18085106383,0.28723404255,0.34042553191,0.64835164835,0.03191489362,0.96808510638
2024-25,Walla Walla Public Schools,FRL,Non-Low Income,04,SBAC,Math,,112,63,56.3%,0.15178571429,0.26785714286,0.25,0.3125,0.57272727273,0.01785714286,0.98214285714
2024-25,Walla Walla Public Schools,FRL,Non-Low Income,04,SBAC,ELA,,112,64,57.1%,0.22321428571,0.17857142857,0.22321428571,0.34821428571,0.5871559633,0.02678571429,0.97321428571
2024-25,Walla Walla Public Schools,FRL,Non-Low Income,05,AIM,Math,N<10,,,N<10,,,,,,,
2024-25,Walla Walla Public Schools,FRL,Non-Low Income,05,AIM,ELA,N<10,,,N<10,,,,,,,
2024-25,Walla Walla Public Schools,FRL,Non-Low Income,05,SBAC,Math,,123,75,61.0%,0.17073170732,0.19512195122,0.17073170732,0.43902439024,0.625,0.0243902439,0.9756097561
2024-25,Walla Walla Public Schools,FRL,Non-Low Income,05,SBAC,ELA,,123,81,65.9%,0.11382113821,0.20325203252,0.19512195122,0.46341463415,0.675,0.0243902439,0.9756097561
2024-25,Walla Walla Public Schools,FRL,Non-Low Income,06,SBAC,ELA,,135,74,54.8%,0.21481481481,0.18518518519,0.31111111111,0.23703703704,0.578125,0.05185185185,0.94814814815
2024-25,Walla Walla Public Schools,FRL,Non-Low Income,06,SBAC,Math,,135,59,43.7%,0.25185185185,0.25925925926,0.15555555556,0.28148148148,0.4609375,0.05185185185,0.94814814815
2024-25,Walla Walla Public Schools,FRL,Non-Low Income,07,AIM,ELA,N<10,,,N<10,,,,,,,
2024-25,Walla Walla Public Schools,FRL,Non-Low Income,07,SBAC,ELA,,124,79,63.7%,0.16935483871,0.16129032258,0.31451612903,0.32258064516,0.65833333333,0.03225806452,0.96774193548
2024-25,Walla Walla Public Schools,FRL,Non-Low Income,07,SBAC,Math,,124,67,54.0%,0.21774193548,0.20161290323,0.16935483871,0.37096774194,0.56302521008,0.04032258065,0.95967741935
2024-25,Walla Walla Public Schools,FRL,Non-Low Income,07,AIM,Math,N<10,,,N<10,,,,,,,
2024-25,Walla Walla Public Schools,FRL,Non-Low Income,08,SBAC,Math,,120,57,47.5%,0.3,0.2,0.15833333333,0.31666666667,0.48717948718,0.025,0.975
2024-25,Walla Walla Public Schools,FRL,Non-Low Income,08,SBAC,ELA,,120,79,65.8%,0.15,0.175,0.375,0.28333333333,0.66949152542,0.01666666667,0.98333333333
2024-25,Walla Walla Public Schools,FRL,Non-Low Income,10,AIM,ELA,N<10,,,N<10,,,,,,,
2024-25,Walla Walla Public Schools,FRL,Non-Low Income,10,SBAC,ELA,,160,127,79.4%,0.06875,0.1,0.34375,0.45,0.82467532468,0.0375,0.9625
2024-25,Walla Walla Public Schools,FRL,Non-Low Income,10,AIM,Math,N<10,,,N<10,,,,,,,
2024-25,Walla Walla Public Schools,FRL,Non-Low Income,10,SBAC,Math,,160,71,44.4%,0.25,0.26875,0.1875,0.25625,0.46103896104,0.0375,0.9625
2024-25,Walla Walla Public Schools,FRL,Non-Low Income,All Grades,AIM,ELA,N<10,,,N<10,,,,,,,
2024-25,Walla Walla Public Schools,FRL,Non-Low Income,All Grades,SBAC,ELA,,868,563,64.9%,0.15322580645,0.16589861751,0.29608294931,0.35253456221,0.67023809524,0.03225806452,0.96774193548
2024-25,Walla Walla Public Schools,FRL,Non-Low Income,All Grades,SBAC,Math,,868,455,52.4%,0.21313364055,0.22811059908,0.18894009217,0.33525345622,0.54295942721,0.03456221198,0.96543778802
2024-25,Walla Walla Public Schools,FRL,Non-Low Income,All Grades,AIM,Math,N<10,,,N<10,,,,,,,
2024-25,Walla Walla Public Schools,Foster,Foster Care,03,SBAC,ELA,N<10,,,N<10,,,,,,,
2024-25,Walla Walla Public Schools,Foster,Foster Care,03,SBAC,Math,N<10,,,N<10,,,,,,,
2024-25,Walla Walla Public Schools,Foster,Foster Care,04,SBAC,ELA,N<10,,,N<10,,,,,,,
2024-25,Walla Walla Public Schools,Foster,Foster Care,04,SBAC,Math,N<10,,,N<10,,,,,,,
2024-25,Walla Walla Public Schools,Foster,Foster Care,05,SBAC,Math,N<10,,,N<10,,,,,,,
2024-25,Walla Walla Public Schools,Foster,Foster Care,05,SBAC,ELA,N<10,,,N<10,,,,,,,
2024-25,Walla Walla Public Schools,Foster,Foster Care,06,SBAC,Math,N<10,,,N<10,,,,,,,
2024-25,Walla Walla Public Schools,Foster,Foster Care,06,SBAC,ELA,N<10,,,N<10,,,,,,,
2024-25,Walla Walla Public Schools,Foster,Foster Care,07,SBAC,ELA,N<10,,,N<10,,,,,,,
2024-25,Walla Walla Public Schools,Foster,Foster Care,07,SBAC,Math,N<10,,,N<10,,,,,,,
2024-25,Walla Walla Public Schools,Foster,Foster Care,10,SBAC,ELA,N<10,,,N<10,,,,,,,
2024-25,Walla Walla Public Schools,Foster,Foster Care,10,SBAC,Math,N<10,,,N<10,,,,,,,
2024-25,Walla Walla Public Schools,Foster,Foster Care,All Grades,SBAC,Math,N<10,,,N<10,,,,,,,
2024-25,Walla Walla Public Schools,Foster,Foster Care,All Grades,SBAC,ELA,N<10,,,N<10,,,,,,,
2024-25,Walla Walla Public Schools,Foster,Non-Foster Care,03,AIM,ELA,N<10,,,N<10,,,,,,,
2024-25,Walla Walla Public Schools,Foster,Non-Foster Care,03,SBAC,Math,Cross Student Group - N<10,,,44.1%,0.32218844985,0.2188449848,0.23100303951,0.20972644377,0.44891640867,0.01823708207,0.98176291793
2024-25,Walla Walla Public Schools,Foster,Non-Foster Care,03,SBAC,ELA,Cross Student Group - N<10,,,41.0%,0.32218844985,0.25227963526,0.21276595745,0.19756838906,0.41666666667,0.01519756839,0.98480243161
2024-25,Walla Walla Public Schools,Foster,Non-Foster Care,03,AIM,Math,N<10,,,N<10,,,,,,,
2024-25,Walla Walla Public Schools,Foster,Non-Foster Care,04,SBAC,ELA,Cross Student Group - N<10,,,37.8%,0.39226519337,0.21546961326,0.18232044199,0.19613259669,0.3837535014,0.0138121547,0.9861878453
2024-25,Walla Walla Public Schools,Foster,Non-Foster Care,04,AIM,ELA,N<10,,,N<10,,,,,,,
2024-25,Walla Walla Public Schools,Foster,Non-Foster Care,04,AIM,Math,N<10,,,N<10,,,,,,,
2024-25,Walla Walla Public Schools,Foster,Non-Foster Care,04,SBAC,Math,Cross Student Group - N<10,,,37.6%,0.2955801105,0.31767955801,0.18784530387,0.18784530387,0.37988826816,0.01104972376,0.98895027624
2024-25,Walla Walla Public Schools,Foster,Non-Foster Care,05,AIM,ELA,N<10,,,N<10,,,,,,,
2024-25,Walla Walla Public Schools,Foster,Non-Foster Care,05,SBAC,ELA,Cross Student Group - N<10,,,45.5%,0.33842239186,0.17811704835,0.23155216285,0.22391857506,0.46858638743,0.02798982188,0.97201017812
2024-25,Walla Walla Public Schools,Foster,Non-Foster Care,05,AIM,Math,N<10,,,N<10,,,,,,,
2024-25,Walla Walla Public Schools,Foster,Non-Foster Care,05,SBAC,Math,Cross Student Group - N<10,,,39.4%,0.31806615776,0.25190839695,0.16539440204,0.22900763359,0.40897097625,0.03562340967,0.96437659033
2024-25,Walla Walla Public Schools,Foster,Non-Foster Care,06,AIM,ELA,N<10,,,N<10,,,,,,,
2024-25,Walla Walla Public Schools,Foster,Non-Foster Care,06,AIM,Math,N<10,,,N<10,,,,,,,
2024-25,Walla Walla Public Schools,Foster,Non-Foster Care,06,SBAC,ELA,Cross Student Group - N<10,,,40.4%,0.34335839599,0.2030075188,0.26315789474,0.14035087719,0.42480211082,0.05012531328,0.94987468672
2024-25,Walla Walla Public Schools,Foster,Non-Foster Care,06,SBAC,Math,Cross Student Group - N<10,,,29.3%,0.43107769424,0.22556390977,0.12781954887,0.16541353383,0.30870712401,0.05012531328,0.94987468672
2024-25,Walla Walla Public Schools,Foster,Non-Foster Care,07,SBAC,Math,Cross Student Group - N<10,,,29.6%,0.39466666667,0.24266666667,0.11466666667,0.18133333333,0.31714285714,0.06666666667,0.93333333333
2024-25,Walla Walla Public Schools,Foster,Non-Foster Care,07,AIM,ELA,N<10,,,N<10,,,,,,,
2024-25,Walla Walla Public Schools,Foster,Non-Foster Care,07,AIM,Math,N<10,,,N<10,,,,,,,
2024-25,Walla Walla Public Schools,Foster,Non-Foster Care,07,SBAC,ELA,Cross Student Group - N<10,,,38.7%,0.34133333333,0.21066666667,0.23466666667,0.152,0.41193181818,0.06133333333,0.93866666667
2024-25,Walla Walla Public Schools,Foster,Non-Foster Care,08,SBAC,Math,,373,110,29.5%,0.42627345845,0.19571045576,0.12868632708,0.16621983914,0.3216374269,0.08310991957,0.91689008043
2024-25,Walla Walla Public Schools,Foster,Non-Foster Care,08,AIM,Math,N<10,,,N<10,,,,,,,
2024-25,Walla Walla Public Schools,Foster,Non-Foster Care,08,SBAC,ELA,,373,167,44.8%,0.22788203753,0.25469168901,0.30026809651,0.14745308311,0.48126801153,0.06970509383,0.93029490617
2024-25,Walla Walla Public Schools,Foster,Non-Foster Care,08,AIM,ELA,N<10,,,N<10,,,,,,,
2024-25,Walla Walla Public Schools,Foster,Non-Foster Care,10,AIM,ELA,N<10,,,N<10,,,,,,,
2024-25,Walla Walla Public Schools,Foster,Non-Foster Care,10,AIM,Math,N<10,,,N<10,,,,,,,
2024-25,Walla Walla Public Schools,Foster,Non-Foster Care,10,SBAC,ELA,Cross Student Group - N<10,,,53.2%,0.21489361702,0.17446808511,0.2829787234,0.24893617021,0.57736720554,0.07872340426,0.92127659574
2024-25,Walla Walla Public Schools,Foster,Non-Foster Care,10,SBAC,Math,Cross Student Group - N<10,,,23.6%,0.47133757962,0.2016985138,0.11464968153,0.12101910828,0.25934579439,0.09129511677,0.90870488323
2024-25,Walla Walla Public Schools,Foster,Non-Foster Care,All Grades,AIM,Math,,,,21.1%,0.07894736842,0.71052631579,0.21052631579,0.0,0.21052631579,0.0,1.0
2024-25,Walla Walla Public Schools,Foster,Non-Foster Care,All Grades,SBAC,ELA,Cross Student Group - N<10,,,43.5%,0.30803406146,0.21029248427,0.24620510922,0.1884487227,0.4560994561,0.04701962236,0.95298037764
2024-25,Walla Walla Public Schools,Foster,Non-Foster Care,All Grades,SBAC,Math,Cross Student Group - N<10,,,32.8%,0.38452997779,0.23501110289,0.14988897113,0.17764618801,0.34583821805,0.05292376018,0.94707623982
2024-25,Walla Walla Public Schools,Foster,Non-Foster Care,All Grades,AIM,ELA,<8%,,,7.9%,0.39473684211,0.52631578947,0.07894736842,0.0,0.07894736842,0.0,
2024-25,Walla Walla Public Schools,Gender,Female,03,SBAC,Math,,161,60,37.3%,0.3850931677,0.2298136646,0.21739130435,0.15527950311,0.37735849057,0.01242236025,0.98757763975
2024-25,Walla Walla Public Schools,Gender,Female,03,SBAC,ELA,,161,66,41.0%,0.33540372671,0.24844720497,0.1801242236,0.2298136646,0.4125,0.00621118012,0.99378881988
2024-25,Walla Walla Public Schools,Gender,Female,03,AIM,ELA,N<10,,,N<10,,,,,,,
2024-25,Walla Walla Public Schools,Gender,Female,03,AIM,Math,N<10,,,N<10,,,,,,,
2024-25,Walla Walla Public Schools,Gender,Female,04,SBAC,ELA,Cross Student Group - N<10,,,34.9%,0.41860465116,0.22093023256,0.18023255814,0.16860465116,0.35294117647,0.01162790698,0.98837209302
2024-25,Walla Walla Public Schools,Gender,Female,04,AIM,ELA,N<10,,,N<10,,,,,,,
2024-25,Walla Walla Public Schools,Gender,Female,04,AIM,Math,N<10,,,N<10,,,,,,,
2024-25,Walla Walla Public Schools,Gender,Female,04,SBAC,Math,Cross Student Group - N<10,,,27.3%,0.3488372093,0.36627906977,0.13372093023,0.13953488372,0.27647058824,0.01162790698,0.98837209302
2024-25,Walla Walla Public Schools,Gender,Female,05,SBAC,ELA,Cross Student Group - N<10,,,52.4%,0.30687830688,0.14814814815,0.22222222222,0.30158730159,0.53513513514,0.02116402116,0.97883597884
2024-25,Walla Walla Public Schools,Gender,Female,05,AIM,Math,N<10,,,N<10,,,,,,,
2024-25,Walla Walla Public Schools,Gender,Female,05,AIM,ELA,N<10,,,N<10,,,,,,,
2024-25,Walla Walla Public Schools,Gender,Female,05,SBAC,Math,Cross Student Group - N<10,,,41.8%,0.32804232804,0.22222222222,0.15873015873,0.25925925926,0.43169398907,0.03174603175,0.96825396825
2024-25,Walla Walla Public Schools,Gender,Female,06,SBAC,ELA,,213,97,45.5%,0.30516431925,0.19248826291,0.27699530516,0.17840375587,0.47783251232,0.04694835681,0.95305164319
2024-25,Walla Walla Public Schools,Gender,Female,06,AIM,Math,N<10,,,N<10,,,,,,,
2024-25,Walla Walla Public Schools,Gender,Female,06,SBAC,Math,,213,64,30.1%,0.45070422535,0.20187793427,0.1220657277,0.17840375587,0.31527093596,0.04694835681,0.95305164319
2024-25,Walla Walla Public Schools,Gender,Female,06,AIM,ELA,N<10,,,N<10,,,,,,,
2024-25,Walla Walla Public Schools,Gender,Female,07,SBAC,ELA,,183,75,41.0%,0.28415300546,0.22404371585,0.25136612022,0.15846994536,0.44642857143,0.08196721311,0.91803278689
2024-25,Walla Walla Public Schools,Gender,Female,07,AIM,ELA,N<10,,,N<10,,,,,,,
2024-25,Walla Walla Public Schools,Gender,Female,07,SBAC,Math,,183,46,25.1%,0.40983606557,0.25683060109,0.09836065574,0.15300546448,0.27380952381,0.08196721311,0.91803278689
2024-25,Walla Walla Public Schools,Gender,Female,07,AIM,Math,N<10,,,N<10,,,,,,,
2024-25,Walla Walla Public Schools,Gender,Female,08,SBAC,ELA,,173,85,49.1%,0.19075144509,0.23699421965,0.32369942197,0.1676300578,0.53459119497,0.08092485549,0.91907514451
2024-25,Walla Walla Public Schools,Gender,Female,08,SBAC,Math,,173,45,26.0%,0.41040462428,0.22543352601,0.11560693642,0.14450867052,0.29032258065,0.10404624277,0.89595375723
2024-25,Walla Walla Public Schools,Gender,Female,10,AIM,ELA,N<10,,,N<10,,,,,,,
2024-25,Walla Walla Public Schools,Gender,Female,10,SBAC,ELA,,240,138,57.5%,0.17916666667,0.17916666667,0.32916666667,0.24583333333,0.61607142857,0.06666666667,0.93333333333
2024-25,Walla Walla Public Schools,Gender,Female,10,SBAC,Math,,240,44,18.3%,0.50833333333,0.22916666667,0.10833333333,0.075,0.19909502262,0.07916666667,0.92083333333
2024-25,Walla Walla Public Schools,Gender,Female,10,AIM,Math,N<10,,,N<10,,,,,,,
2024-25,Walla Walla Public Schools,Gender,Female,All Grades,SBAC,ELA,Cross Student Group - N<10,,,46.6%,0.28324567994,0.20435762585,0.25694966191,0.20886551465,0.48857368006,0.04658151766,0.95341848234
2024-25,Walla Walla Public Schools,Gender,Female,All Grades,SBAC,Math,Cross Student Group - N<10,,,28.9%,0.41172051089,0.24492862509,0.13373403456,0.15552216379,0.30579825258,0.05409466566,0.94590533434
2024-25,Walla Walla Public Schools,Gender,Female,All Grades,AIM,ELA,<19%,,,<19%,,,,,,,
2024-25,Walla Walla Public Schools,Gender,Female,All Grades,AIM,Math,<19%,,,<19%,,,,,,,
2024-25,Walla Walla Public Schools,Gender,Gender X,04,SBAC,ELA,N<10,,,N<10,,,,,,,
2024-25,Walla Walla Public Schools,Gender,Gender X,04,SBAC,Math,N<10,,,N<10,,,,,,,
2024-25,Walla Walla Public Schools,Gender,Gender X,05,SBAC,ELA,N<10,,,N<10,,,,,,,
2024-25,Walla Walla Public Schools,Gender,Gender X,05,SBAC,Math,N<10,,,N<10,,,,,,,
2024-25,Walla Walla Public Schools,Gender,Gender X,All Grades,SBAC,ELA,N<10,,,N<10,,,,,,,
2024-25,Walla Walla Public Schools,Gender,Gender X,All Grades,SBAC,Math,N<10,,,N<10,,,,,,,
2024-25,Walla Walla Public Schools,Gender,Male,03,SBAC,ELA,,170,70,41.2%,0.31176470588,0.25294117647,0.24705882353,0.16470588235,0.42168674699,0.02352941176,0.97647058824
2024-25,Walla Walla Public Schools,Gender,Male,03,SBAC,Math,,170,85,50.0%,0.26470588235,0.21176470588,0.24117647059,0.25882352941,0.51204819277,0.02352941176,0.97647058824
2024-25,Walla Walla Public Schools,Gender,Male,03,AIM,ELA,N<10,,,N<10,,,,,,,
2024-25,Walla Walla Public Schools,Gender,Male,03,AIM,Math,N<10,,,N<10,,,,,,,
2024-25,Walla Walla Public Schools,Gender,Male,04,AIM,Math,N<10,,,N<10,,,,,,,
2024-25,Walla Walla Public Schools,Gender,Male,04,SBAC,ELA,,190,77,40.5%,0.37368421053,0.20526315789,0.18421052632,0.22105263158,0.41176470588,0.01578947368,0.98421052632
2024-25,Walla Walla Public Schools,Gender,Male,04,AIM,ELA,N<10,,,N<10,,,,,,,
2024-25,Walla Walla Public Schools,Gender,Male,04,SBAC,Math,,190,88,46.3%,0.24736842105,0.27894736842,0.23157894737,0.23157894737,0.46808510638,0.01052631579,0.98947368421
2024-25,Walla Walla Public Schools,Gender,Male,05,SBAC,Math,,204,75,36.8%,0.30882352941,0.28431372549,0.16666666667,0.20098039216,0.38265306122,0.03921568627,0.96078431373
2024-25,Walla Walla Public Schools,Gender,Male,05,SBAC,ELA,,204,79,38.7%,0.37254901961,0.20588235294,0.24019607843,0.14705882353,0.40101522843,0.03431372549,0.96568627451
2024-25,Walla Walla Public Schools,Gender,Male,05,AIM,ELA,N<10,,,N<10,,,,,,,
2024-25,Walla Walla Public Schools,Gender,Male,05,AIM,Math,N<10,,,N<10,,,,,,,
2024-25,Walla Walla Public Schools,Gender,Male,06,AIM,Math,N<10,,,N<10,,,,,,,
2024-25,Walla Walla Public Schools,Gender,Male,06,SBAC,Math,,188,53,28.2%,0.40957446809,0.25,0.1329787234,0.14893617021,0.29943502825,0.0585106383,0.9414893617
2024-25,Walla Walla Public Schools,Gender,Male,06,SBAC,ELA,,188,64,34.0%,0.38829787234,0.21276595745,0.24468085106,0.09574468085,0.3615819209,0.0585106383,0.9414893617
2024-25,Walla Walla Public Schools,Gender,Male,06,AIM,ELA,N<10,,,N<10,,,,,,,
2024-25,Walla Walla Public Schools,Gender,Male,07,AIM,ELA,N<10,,,N<10,,,,,,,
2024-25,Walla Walla Public Schools,Gender,Male,07,AIM,Math,N<10,,,N<10,,,,,,,
2024-25,Walla Walla Public Schools,Gender,Male,07,SBAC,ELA,,194,70,36.1%,0.39690721649,0.19587628866,0.21649484536,0.14432989691,0.37837837838,0.04639175258,0.95360824742
2024-25,Walla Walla Public Schools,Gender,Male,07,SBAC,Math,,194,65,33.5%,0.38144329897,0.22680412371,0.12886597938,0.20618556701,0.35519125683,0.05670103093,0.94329896907
2024-25,Walla Walla Public Schools,Gender,Male,08,SBAC,ELA,,200,82,41.0%,0.26,0.27,0.28,0.13,0.43617021277,0.06,0.94
2024-25,Walla Walla Public Schools,Gender,Male,08,AIM,ELA,N<10,,,N<10,,,,,,,
2024-25,Walla Walla Public Schools,Gender,Male,08,AIM,Math,N<10,,,N<10,,,,,,,
2024-25,Walla Walla Public Schools,Gender,Male,08,SBAC,Math,,200,65,32.5%,0.44,0.17,0.14,0.185,0.34759358289,0.065,0.935
2024-25,Walla Walla Public Schools,Gender,Male,10,SBAC,ELA,,231,113,48.9%,0.25108225108,0.16883116883,0.2380952381,0.25108225108,0.5380952381,0.09090909091,0.90909090909
2024-25,Walla Walla Public Schools,Gender,Male,10,SBAC,Math,,232,67,28.9%,0.43534482759,0.1724137931,0.12068965517,0.16810344828,0.32211538462,0.10344827586,0.89655172414
2024-25,Walla Walla Public Schools,Gender,Male,10,AIM,ELA,N<10,,,N<10,,,,,,,
2024-25,Walla Walla Public Schools,Gender,Male,10,AIM,Math,N<10,,,N<10,,,,,,,
2024-25,Walla Walla Public Schools,Gender,Male,All Grades,AIM,Math,Cross Student Group - Top/Bottom,,,31.8%,0.09090909091,0.59090909091,0.31818181818,0.0,0.31818181818,0.0,
2024-25,Walla Walla Public Schools,Gender,Male,All Grades,SBAC,ELA,,"1,377",555,40.3%,0.33405954975,0.21423384168,0.23602033406,0.16702977487,0.42366412214,0.04865649964,0.95134350036
2024-25,Walla Walla Public Schools,Gender,Male,All Grades,SBAC,Math,,"1,378",498,36.1%,0.35921625544,0.22641509434,0.16328011611,0.19811320755,0.3816091954,0.05297532656,0.94702467344
2024-25,Walla Walla Public Schools,Gender,Male,All Grades,AIM,ELA,<14%,,,<14%,,,,,,,
2024-25,Walla Walla Public Schools,Migrant,Migrant,03,SBAC,Math,N<10,,,N<10,,,,,,,
2024-25,Walla Walla Public Schools,Migrant,Migrant,03,SBAC,ELA,N<10,,,N<10,,,,,,,
2024-25,Walla Walla Public Schools,Migrant,Migrant,04,SBAC,ELA,N<10,,,N<10,,,,,,,
2024-25,Walla Walla Public Schools,Migrant,Migrant,04,SBAC,Math,N<10,,,N<10,,,,,,,
2024-25,Walla Walla Public Schools,Migrant,Migrant,05,SBAC,ELA,N<10,,,N<10,,,,,,,
2024-25,Walla Walla Public Schools,Migrant,Migrant,05,SBAC,Math,N<10,,,N<10,,,,,,,
2024-25,Walla Walla Public Schools,Migrant,Migrant,06,SBAC,Math,N<10,,,N<10,,,,,,,
2024-25,Walla Walla Public Schools,Migrant,Migrant,06,SBAC,ELA,N<10,,,N<10,,,,,,,
2024-25,Walla Walla Public Schools,Migrant,Migrant,07,SBAC,ELA,N<10,,,N<10,,,,,,,
2024-25,Walla Walla Public Schools,Migrant,Migrant,07,SBAC,Math,N<10,,,N<10,,,,,,,
2024-25,Walla Walla Public Schools,Migrant,Migrant,08,SBAC,ELA,N<10,,,N<10,,,,,,,
2024-25,Walla Walla Public Schools,Migrant,Migrant,08,SBAC,Math,N<10,,,N<10,,,,,,,
2024-25,Walla Walla Public Schools,Migrant,Migrant,10,SBAC,Math,N<10,,,N<10,,,,,,,
2024-25,Walla Walla Public Schools,Migrant,Migrant,10,SBAC,ELA,N<10,,,N<10,,,,,,,
2024-25,Walla Walla Public Schools,Migrant,Migrant,All Grades,SBAC,ELA,<8%,,,8.1%,0.59459459459,0.21621621622,0.02702702703,0.05405405405,0.09090909091,0.10810810811,
2024-25,Walla Walla Public Schools,Migrant,Migrant,All Grades,SBAC,Math,<8%,,,<8%,,,,,,,
2024-25,Walla Walla Public Schools,Migrant,Non Migrant,03,SBAC,ELA,Cross Student Group - N<10,,,41.5%,0.32012195122,0.25,0.21646341463,0.19817073171,0.42105263158,0.01524390244,0.98475609756
2024-25,Walla Walla Public Schools,Migrant,Non Migrant,03,AIM,ELA,N<10,,,N<10,,,,,,,
2024-25,Walla Walla Public Schools,Migrant,Non Migrant,03,SBAC,Math,Cross Student Group - N<10,,,44.2%,0.32317073171,0.21646341463,0.23170731707,0.21036585366,0.45031055901,0.01829268293,0.98170731707
2024-25,Walla Walla Public Schools,Migrant,Non Migrant,03,AIM,Math,N<10,,,N<10,,,,,,,
2024-25,Walla Walla Public Schools,Migrant,Non Migrant,04,AIM,Math,N<10,,,N<10,,,,,,,
2024-25,Walla Walla Public Schools,Migrant,Non Migrant,04,AIM,ELA,N<10,,,N<10,,,,,,,
2024-25,Walla Walla Public Schools,Migrant,Non Migrant,04,SBAC,Math,Cross Student Group - N<10,,,37.7%,0.29362880886,0.31855955679,0.18836565097,0.18836565097,0.38095238095,0.01108033241,0.98891966759
2024-25,Walla Walla Public Schools,Migrant,Non Migrant,04,SBAC,ELA,Cross Student Group - N<10,,,38.0%,0.39335180055,0.21329639889,0.18282548476,0.19667590028,0.38483146067,0.01385041551,0.98614958449
2024-25,Walla Walla Public Schools,Migrant,Non Migrant,05,AIM,ELA,N<10,,,N<10,,,,,,,
2024-25,Walla Walla Public Schools,Migrant,Non Migrant,05,SBAC,Math,Cross Student Group - N<10,,,40.0%,0.30649350649,0.25714285714,0.16883116883,0.23116883117,0.41509433962,0.03636363636,0.96363636364
2024-25,Walla Walla Public Schools,Migrant,Non Migrant,05,SBAC,ELA,Cross Student Group - N<10,,,46.2%,0.32727272727,0.18181818182,0.23636363636,0.22597402597,0.47593582888,0.02857142857,0.97142857143
2024-25,Walla Walla Public Schools,Migrant,Non Migrant,05,AIM,Math,N<10,,,N<10,,,,,,,
2024-25,Walla Walla Public Schools,Migrant,Non Migrant,06,AIM,ELA,N<10,,,N<10,,,,,,,
2024-25,Walla Walla Public Schools,Migrant,Non Migrant,06,SBAC,ELA,Cross Student Group - N<10,,,40.9%,0.34010152284,0.19796954315,0.26649746193,0.1421319797,0.43163538874,0.05329949239,0.94670050761
2024-25,Walla Walla Public Schools,Migrant,Non Migrant,06,SBAC,Math,Cross Student Group - N<10,,,29.7%,0.42639593909,0.22335025381,0.12944162437,0.16751269036,0.31367292225,0.05329949239,0.94670050761
2024-25,Walla Walla Public Schools,Migrant,Non Migrant,06,AIM,Math,N<10,,,N<10,,,,,,,
2024-25,Walla Walla Public Schools,Migrant,Non Migrant,07,AIM,ELA,N<10,,,N<10,,,,,,,
2024-25,Walla Walla Public Schools,Migrant,Non Migrant,07,AIM,Math,N<10,,,N<10,,,,,,,
2024-25,Walla Walla Public Schools,Migrant,Non Migrant,07,SBAC,ELA,Cross Student Group - N<10,,,38.8%,0.33689839572,0.21122994652,0.23529411765,0.15240641711,0.41428571429,0.06417112299,0.93582887701
2024-25,Walla Walla Public Schools,Migrant,Non Migrant,07,SBAC,Math,Cross Student Group - N<10,,,29.7%,0.39304812834,0.24064171123,0.11497326203,0.18181818182,0.31896551724,0.06951871658,0.93048128342
2024-25,Walla Walla Public Schools,Migrant,Non Migrant,08,SBAC,ELA,Cross Student Group - N<10,,,45.5%,0.22888283379,0.25340599455,0.30517711172,0.14986376022,0.48546511628,0.06267029973,0.93732970027
2024-25,Walla Walla Public Schools,Migrant,Non Migrant,08,AIM,ELA,N<10,,,N<10,,,,,,,
2024-25,Walla Walla Public Schools,Migrant,Non Migrant,08,AIM,Math,N<10,,,N<10,,,,,,,
2024-25,Walla Walla Public Schools,Migrant,Non Migrant,08,SBAC,Math,Cross Student Group - N<10,,,30.0%,0.42506811989,0.19891008174,0.13079019074,0.1689373297,0.32448377581,0.07629427793,0.92370572207
2024-25,Walla Walla Public Schools,Migrant,Non Migrant,10,AIM,Math,N<10,,,N<10,,,,,,,
2024-25,Walla Walla Public Schools,Migrant,Non Migrant,10,SBAC,Math,Cross Student Group - N<10,,,23.7%,0.46982758621,0.20474137931,0.11637931034,0.12068965517,0.26004728132,0.08836206897,0.91163793103
2024-25,Walla Walla Public Schools,Migrant,Non Migrant,10,AIM,ELA,N<10,,,N<10,,,,,,,
2024-25,Walla Walla Public Schools,Migrant,Non Migrant,10,SBAC,ELA,Cross Student Group - N<10,,,53.7%,0.21120689655,0.17456896552,0.28663793103,0.25,0.58177570093,0.0775862069,0.9224137931
2024-25,Walla Walla Public Schools,Migrant,Non Migrant,All Grades,AIM,ELA,<8%,,,7.9%,0.39473684211,0.52631578947,0.07894736842,0.0,0.07894736842,0.0,
2024-25,Walla Walla Public Schools,Migrant,Non Migrant,All Grades,SBAC,Math,Cross Student Group - Top/Bottom,,,33.0%,0.38121960344,0.23606434718,0.15151515152,0.17882528994,0.3485984998,0.05237560793,0.94762439207
2024-25,Walla Walla Public Schools,Migrant,Non Migrant,All Grades,SBAC,ELA,Cross Student Group - Top/Bottom,,,43.9%,0.30490086046,0.20950243172,0.24915824916,0.18967452301,0.4603610675,0.04676393565,0.95323606435
2024-25,Walla Walla Public Schools,Migrant,Non Migrant,All Grades,AIM,Math,,38,8,21.1%,0.07894736842,0.71052631579,0.21052631579,0.0,0.21052631579,0.0,1.0
2024-25,Walla Walla Public Schools,Military,Military Parent,03,SBAC,Math,N<10,,,N<10,,,,,,,
2024-25,Walla Walla Public Schools,Military,Military Parent,03,SBAC,ELA,N<10,,,N<10,,,,,,,
2024-25,Walla Walla Public Schools,Military,Military Parent,04,SBAC,ELA,N<10,,,N<10,,,,,,,
2024-25,Walla Walla Public Schools,Military,Military Parent,04,SBAC,Math,N<10,,,N<10,,,,,,,
2024-25,Walla Walla Public Schools,Military,Military Parent,05,SBAC,Math,N<10,,,N<10,,,,,,,
2024-25,Walla Walla Public Schools,Military,Military Parent,05,SBAC,ELA,N<10,,,N<10,,,,,,,
2024-25,Walla Walla Public Schools,Military,Military Parent,06,SBAC,Math,N<10,,,N<10,,,,,,,
2024-25,Walla Walla Public Schools,Military,Military Parent,06,SBAC,ELA,N<10,,,N<10,,,,,,,
2024-25,Walla Walla Public Schools,Military,Military Parent,07,SBAC,ELA,N<10,,,N<10,,,,,,,
2024-25,Walla Walla Public Schools,Military,Military Parent,07,SBAC,Math,N<10,,,N<10,,,,,,,
2024-25,Walla Walla Public Schools,Military,Military Parent,08,SBAC,ELA,N<10,,,N<10,,,,,,,
2024-25,Walla Walla Public Schools,Military,Military Parent,08,SBAC,Math,N<10,,,N<10,,,,,,,
2024-25,Walla Walla Public Schools,Military,Military Parent,10,SBAC,Math,N<10,,,N<10,,,,,,,
2024-25,Walla Walla Public Schools,Military,Military Parent,10,SBAC,ELA,N<10,,,N<10,,,,,,,
2024-25,Walla Walla Public Schools,Military,Military Parent,All Grades,SBAC,ELA,,35,18,51.4%,0.28571428571,0.17142857143,0.17142857143,0.34285714286,0.52941176471,0.02857142857,0.97142857143
2024-25,Walla Walla Public Schools,Military,Military Parent,All Grades,SBAC,Math,,35,15,42.9%,0.37142857143,0.17142857143,0.14285714286,0.28571428571,0.44117647059,0.02857142857,0.97142857143
2024-25,Walla Walla Public Schools,Military,Non Military Parent,03,AIM,Math,N<10,,,N<10,,,,,,,
2024-25,Walla Walla Public Schools,Military,Non Military Parent,03,SBAC,Math,Cross Student Group - N<10,,,43.7%,0.32110091743,0.22324159021,0.23241590214,0.20489296636,0.44548286604,0.01834862385,0.98165137615
2024-25,Walla Walla Public Schools,Military,Non Military Parent,03,SBAC,ELA,Cross Student Group - N<10,,,41.0%,0.32415902141,0.25076452599,0.21712538226,0.19266055046,0.41614906832,0.01529051988,0.98470948012
2024-25,Walla Walla Public Schools,Military,Non Military Parent,03,AIM,ELA,N<10,,,N<10,,,,,,,
2024-25,Walla Walla Public Schools,Military,Non Military Parent,04,AIM,Math,N<10,,,N<10,,,,,,,
2024-25,Walla Walla Public Schools,Military,Non Military Parent,04,SBAC,Math,Cross Student Group - N<10,,,37.4%,0.29494382022,0.32303370787,0.18820224719,0.18539325843,0.37677053824,0.00842696629,0.99157303371
2024-25,Walla Walla Public Schools,Military,Non Military Parent,04,SBAC,ELA,Cross Student Group - N<10,,,37.6%,0.39606741573,0.21629213483,0.18539325843,0.19101123596,0.38068181818,0.01123595506,0.98876404494
2024-25,Walla Walla Public Schools,Military,Non Military Parent,04,AIM,ELA,N<10,,,N<10,,,,,,,
2024-25,Walla Walla Public Schools,Military,Non Military Parent,05,AIM,Math,N<10,,,N<10,,,,,,,
2024-25,Walla Walla Public Schools,Military,Non Military Parent,05,SBAC,Math,Cross Student Group - N<10,,,39.4%,0.31443298969,0.25515463918,0.16494845361,0.2293814433,0.40909090909,0.03608247423,0.96391752577
2024-25,Walla Walla Public Schools,Military,Non Military Parent,05,AIM,ELA,N<10,,,N<10,,,,,,,
2024-25,Walla Walla Public Schools,Military,Non Military Parent,05,SBAC,ELA,Cross Student Group - N<10,,,45.4%,0.33762886598,0.18041237113,0.2293814433,0.22422680412,0.46684350133,0.02835051546,0.97164948454
2024-25,Walla Walla Public Schools,Military,Non Military Parent,06,AIM,Math,N<10,,,N<10,,,,,,,
2024-25,Walla Walla Public Schools,Military,Non Military Parent,06,SBAC,ELA,Cross Student Group - N<10,,,39.9%,0.34595959596,0.20202020202,0.2601010101,0.13888888889,0.42133333333,0.05303030303,0.94696969697
2024-25,Walla Walla Public Schools,Military,Non Military Parent,06,AIM,ELA,N<10,,,N<10,,,,,,,
2024-25,Walla Walla Public Schools,Military,Non Military Parent,06,SBAC,Math,Cross Student Group - N<10,,,28.8%,0.43434343434,0.22474747475,0.12878787879,0.15909090909,0.304,0.05303030303,0.94696969697
2024-25,Walla Walla Public Schools,Military,Non Military Parent,07,AIM,Math,N<10,,,N<10,,,,,,,
2024-25,Walla Walla Public Schools,Military,Non Military Parent,07,SBAC,ELA,Cross Student Group - N<10,,,38.6%,0.34316353887,0.20643431635,0.23592493298,0.15013404826,0.41260744986,0.06434316354,0.93565683646
2024-25,Walla Walla Public Schools,Military,Non Military Parent,07,SBAC,Math,Cross Student Group - N<10,,,29.5%,0.39678284182,0.23860589812,0.11528150134,0.17962466488,0.31700288184,0.06970509383,0.93029490617
2024-25,Walla Walla Public Schools,Military,Non Military Parent,07,AIM,ELA,N<10,,,N<10,,,,,,,
2024-25,Walla Walla Public Schools,Military,Non Military Parent,08,SBAC,ELA,Cross Student Group - N<10,,,44.6%,0.22702702703,0.25675675676,0.3,0.14594594595,0.47965116279,0.07027027027,0.92972972973
2024-25,Walla Walla Public Schools,Military,Non Military Parent,08,AIM,Math,N<10,,,N<10,,,,,,,
2024-25,Walla Walla Public Schools,Military,Non Military Parent,08,AIM,ELA,N<10,,,N<10,,,,,,,
2024-25,Walla Walla Public Schools,Military,Non Military Parent,08,SBAC,Math,Cross Student Group - N<10,,,29.5%,0.42432432432,0.1972972973,0.12702702703,0.16756756757,0.3215339233,0.08378378378,0.91621621622
2024-25,Walla Walla Public Schools,Military,Non Military Parent,10,AIM,ELA,N<10,,,N<10,,,,,,,
2024-25,Walla Walla Public Schools,Military,Non Military Parent,10,SBAC,ELA,Cross Student Group - N<10,,,53.1%,0.21505376344,0.17419354839,0.28602150538,0.24516129032,0.57710280374,0.07956989247,0.92043010753
2024-25,Walla Walla Public Schools,Military,Non Military Parent,10,SBAC,Math,Cross Student Group - N<10,,,23.2%,0.47424892704,0.2017167382,0.11158798283,0.12017167382,0.25531914894,0.09227467811,0.90772532189
2024-25,Walla Walla Public Schools,Military,Non Military Parent,10,AIM,Math,N<10,,,N<10,,,,,,,
2024-25,Walla Walla Public Schools,Military,Non Military Parent,All Grades,SBAC,ELA,,"2,675","1,158",43.3%,0.3091588785,0.21009345794,0.24710280374,0.18579439252,0.45465253239,0.04785046729,0.95214953271
2024-25,Walla Walla Public Schools,Military,Non Military Parent,All Grades,AIM,Math,,38,8,21.1%,0.07894736842,0.71052631579,0.21052631579,0.0,0.21052631579,0.0,1.0
2024-25,Walla Walla Public Schools,Military,Non Military Parent,All Grades,AIM,ELA,<8%,,,7.9%,0.39473684211,0.52631578947,0.07894736842,0.0,0.07894736842,0.0,
2024-25,Walla Walla Public Schools,Military,Non Military Parent,All Grades,SBAC,Math,,"2,676",870,32.5%,0.38490284006,0.23617339312,0.14947683109,0.17563527653,0.34360189573,0.05381165919,0.94618834081
2024-25,Walla Walla Public Schools,Race,American Indian/ Alaskan Native,03,SBAC,ELA,N<10,,,N<10,,,,,,,
2024-25,Walla Walla Public Schools,Race,American Indian/ Alaskan Native,03,SBAC,Math,N<10,,,N<10,,,,,,,
2024-25,Walla Walla Public Schools,Race,American Indian/ Alaskan Native,04,SBAC,ELA,N<10,,,N<10,,,,,,,
2024-25,Walla Walla Public Schools,Race,American Indian/ Alaskan Native,04,SBAC,Math,N<10,,,N<10,,,,,,,
2024-25,Walla Walla Public Schools,Race,American Indian/ Alaskan Native,05,SBAC,ELA,N<10,,,N<10,,,,,,,
2024-25,Walla Walla Public Schools,Race,American Indian/ Alaskan Native,05,SBAC,Math,N<10,,,N<10,,,,,,,
2024-25,Walla Walla Public Schools,Race,American Indian/ Alaskan Native,06,SBAC,ELA,N<10,,,N<10,,,,,,,
2024-25,Walla Walla Public Schools,Race,American Indian/ Alaskan Native,06,SBAC,Math,N<10,,,N<10,,,,,,,
2024-25,Walla Walla Public Schools,Race,American Indian/ Alaskan Native,08,SBAC,Math,N<10,,,N<10,,,,,,,
2024-25,Walla Walla Public Schools,Race,American Indian/ Alaskan Native,08,SBAC,ELA,N<10,,,N<10,,,,,,,
2024-25,Walla Walla Public Schools,Race,American Indian/ Alaskan Native,All Grades,SBAC,ELA,N<10,,,N<10,,,,,,,
2024-25,Walla Walla Public Schools,Race,American Indian/ Alaskan Native,All Grades,SBAC,Math,N<10,,,N<10,,,,,,,
2024-25,Walla Walla Public Schools,Race,Asian,03,SBAC,Math,N<10,,,N<10,,,,,,,
2024-25,Walla Walla Public Schools,Race,Asian,03,SBAC,ELA,N<10,,,N<10,,,,,,,
2024-25,Walla Walla Public Schools,Race,Asian,04,SBAC,ELA,N<10,,,N<10,,,,,,,
2024-25,Walla Walla Public Schools,Race,Asian,04,SBAC,Math,N<10,,,N<10,,,,,,,
2024-25,Walla Walla Public Schools,Race,Asian,05,SBAC,ELA,N<10,,,N<10,,,,,,,
2024-25,Walla Walla Public Schools,Race,Asian,05,SBAC,Math,N<10,,,N<10,,,,,,,
2024-25,Walla Walla Public Schools,Race,Asian,06,SBAC,ELA,N<10,,,N<10,,,,,,,
2024-25,Walla Walla Public Schools,Race,Asian,06,SBAC,Math,N<10,,,N<10,,,,,,,
2024-25,Walla Walla Public Schools,Race,Asian,07,SBAC,ELA,N<10,,,N<10,,,,,,,
2024-25,Walla Walla Public Schools,Race,Asian,07,SBAC,Math,N<10,,,N<10,,,,,,,
2024-25,Walla Walla Public Schools,Race,Asian,08,SBAC,ELA,N<10,,,N<10,,,,,,,
2024-25,Walla Walla Public Schools,Race,Asian,08,SBAC,Math,N<10,,,N<10,,,,,,,
2024-25,Walla Walla Public Schools,Race,Asian,10,SBAC,ELA,N<10,,,N<10,,,,,,,
2024-25,Walla Walla Public Schools,Race,Asian,10,SBAC,Math,N<10,,,N<10,,,,,,,
2024-25,Walla Walla Public Schools,Race,Asian,All Grades,SBAC,ELA,,32,20,62.5%,0.21875,0.15625,0.34375,0.28125,0.625,0.0,1.0
2024-25,Walla Walla Public Schools,Race,Asian,All Grades,SBAC,Math,,32,18,56.3%,0.25,0.1875,0.21875,0.34375,0.5625,0.0,1.0
2024-25,Walla Walla Public Schools,Race,Black/ African American,03,SBAC,ELA,N<10,,,N<10,,,,,,,
2024-25,Walla Walla Public Schools,Race,Black/ African American,03,SBAC,Math,N<10,,,N<10,,,,,,,
2024-25,Walla Walla Public Schools,Race,Black/ African American,04,SBAC,ELA,N<10,,,N<10,,,,,,,
2024-25,Walla Walla Public Schools,Race,Black/ African American,04,SBAC,Math,N<10,,,N<10,,,,,,,
2024-25,Walla Walla Public Schools,Race,Black/ African American,05,SBAC,Math,N<10,,,N<10,,,,,,,
2024-25,Walla Walla Public Schools,Race,Black/ African American,05,SBAC,ELA,N<10,,,N<10,,,,,,,
2024-25,Walla Walla Public Schools,Race,Black/ African American,06,SBAC,ELA,N<10,,,N<10,,,,,,,
2024-25,Walla Walla Public Schools,Race,Black/ African American,06,SBAC,Math,N<10,,,N<10,,,,,,,
2024-25,Walla Walla Public Schools,Race,Black/ African American,07,SBAC,Math,N<10,,,N<10,,,,,,,
2024-25,Walla Walla Public Schools,Race,Black/ African American,07,SBAC,ELA,N<10,,,N<10,,,,,,,
2024-25,Walla Walla Public Schools,Race,Black/ African American,08,SBAC,Math,N<10,,,N<10,,,,,,,
2024-25,Walla Walla Public Schools,Race,Black/ African American,08,SBAC,ELA,N<10,,,N<10,,,,,,,
2024-25,Walla Walla Public Schools,Race,Black/ African American,10,SBAC,ELA,N<10,,,N<10,,,,,,,
2024-25,Walla Walla Public Schools,Race,Black/ African American,10,SBAC,Math,N<10,,,N<10,,,,,,,
2024-25,Walla Walla Public Schools,Race,Black/ African American,All Grades,SBAC,Math,,28,6,21.4%,0.53571428571,0.25,0.14285714286,0.07142857143,0.21428571429,0.0,1.0
2024-25,Walla Walla Public Schools,Race,Black/ African American,All Grades,SBAC,ELA,,28,13,46.4%,0.32142857143,0.21428571429,0.35714285714,0.10714285714,0.46428571429,0.0,1.0
2024-25,Walla Walla Public Schools,Race,Hispanic/ Latino of any race(s),03,AIM,Math,N<10,,,N<10,,,,,,,
2024-25,Walla Walla Public Schools,Race,Hispanic/ Latino of any race(s),03,AIM,ELA,N<10,,,N<10,,,,,,,
2024-25,Walla Walla Public Schools,Race,Hispanic/ Latino of any race(s),03,SBAC,Math,,163,46,28.2%,0.47239263804,0.22699386503,0.21472392638,0.06748466258,0.2875,0.01840490798,0.98159509202
2024-25,Walla Walla Public Schools,Race,Hispanic/ Latino of any race(s),03,SBAC,ELA,,163,42,25.8%,0.46012269939,0.26380368098,0.1472392638,0.11042944785,0.2625,0.01840490798,0.98159509202
2024-25,Walla Walla Public Schools,Race,Hispanic/ Latino of any race(s),04,AIM,ELA,N<10,,,N<10,,,,,,,
2024-25,Walla Walla Public Schools,Race,Hispanic/ Latino of any race(s),04,AIM,Math,N<10,,,N<10,,,,,,,
2024-25,Walla Walla Public Schools,Race,Hispanic/ Latino of any race(s),04,SBAC,Math,,154,27,17.5%,0.44155844156,0.37012987013,0.11038961039,0.06493506494,0.17763157895,0.01298701299,0.98701298701
2024-25,Walla Walla Public Schools,Race,Hispanic/ Latino of any race(s),04,SBAC,ELA,,154,28,18.2%,0.57142857143,0.23376623377,0.11688311688,0.06493506494,0.18421052632,0.01298701299,0.98701298701
2024-25,Walla Walla Public Schools,Race,Hispanic/ Latino of any race(s),05,SBAC,ELA,,173,54,31.2%,0.46820809249,0.18497109827,0.21965317919,0.09248554913,0.32335329341,0.03468208092,0.96531791908
2024-25,Walla Walla Public Schools,Race,Hispanic/ Latino of any race(s),05,AIM,ELA,N<10,,,N<10,,,,,,,
2024-25,Walla Walla Public Schools,Race,Hispanic/ Latino of any race(s),05,SBAC,Math,,173,46,26.6%,0.42774566474,0.26589595376,0.16184971098,0.10404624277,0.27710843373,0.04046242775,0.95953757225
2024-25,Walla Walla Public Schools,Race,Hispanic/ Latino of any race(s),05,AIM,Math,N<10,,,N<10,,,,,,,
2024-25,Walla Walla Public Schools,Race,Hispanic/ Latino of any race(s),06,AIM,ELA,N<10,,,N<10,,,,,,,
2024-25,Walla Walla Public Schools,Race,Hispanic/ Latino of any race(s),06,AIM,Math,N<10,,,N<10,,,,,,,
2024-25,Walla Walla Public Schools,Race,Hispanic/ Latino of any race(s),06,SBAC,ELA,,177,46,26.0%,0.46327683616,0.24293785311,0.19774011299,0.06214689266,0.26900584795,0.03389830508,0.96610169492
2024-25,Walla Walla Public Schools,Race,Hispanic/ Latino of any race(s),06,SBAC,Math,,177,31,17.5%,0.58757062147,0.21468926554,0.10734463277,0.06779661017,0.17919075145,0.02259887006,0.97740112994
2024-25,Walla Walla Public Schools,Race,Hispanic/ Latino of any race(s),07,SBAC,ELA,,184,47,25.5%,0.45652173913,0.21195652174,0.20108695652,0.05434782609,0.27647058824,0.07608695652,0.92391304348
2024-25,Walla Walla Public Schools,Race,Hispanic/ Latino of any race(s),07,SBAC,Math,,184,24,13.0%,0.52173913043,0.27173913043,0.07065217391,0.0597826087,0.14117647059,0.07608695652,0.92391304348
2024-25,Walla Walla Public Schools,Race,Hispanic/ Latino of any race(s),07,AIM,Math,N<10,,,N<10,,,,,,,
2024-25,Walla Walla Public Schools,Race,Hispanic/ Latino of any race(s),07,AIM,ELA,N<10,,,N<10,,,,,,,
2024-25,Walla Walla Public Schools,Race,Hispanic/ Latino of any race(s),08,SBAC,ELA,,158,51,32.3%,0.3164556962,0.27215189873,0.24683544304,0.07594936709,0.35416666667,0.08860759494,0.91139240506
2024-25,Walla Walla Public Schools,Race,Hispanic/ Latino of any race(s),08,AIM,ELA,N<10,,,N<10,,,,,,,
2024-25,Walla Walla Public Schools,Race,Hispanic/ Latino of any race(s),08,AIM,Math,N<10,,,N<10,,,,,,,
2024-25,Walla Walla Public Schools,Race,Hispanic/ Latino of any race(s),08,SBAC,Math,,158,25,15.8%,0.53797468354,0.20886075949,0.10126582278,0.05696202532,0.17482517483,0.09493670886,0.90506329114
2024-25,Walla Walla Public Schools,Race,Hispanic/ Latino of any race(s),10,AIM,ELA,N<10,,,N<10,,,,,,,
2024-25,Walla Walla Public Schools,Race,Hispanic/ Latino of any race(s),10,AIM,Math,N<10,,,N<10,,,,,,,
2024-25,Walla Walla Public Schools,Race,Hispanic/ Latino of any race(s),10,SBAC,Math,,206,30,14.6%,0.60194174757,0.15048543689,0.07766990291,0.06796116505,0.16216216216,0.10194174757,0.89805825243
2024-25,Walla Walla Public Schools,Race,Hispanic/ Latino of any race(s),10,SBAC,ELA,,205,80,39.0%,0.32682926829,0.20975609756,0.22926829268,0.16097560976,0.42105263158,0.07317073171,0.92682926829
2024-25,Walla Walla Public Schools,Race,Hispanic/ Latino of any race(s),All Grades,AIM,Math,,22,5,22.7%,0.04545454545,0.72727272727,0.22727272727,0.0,0.22727272727,0.0,
2024-25,Walla Walla Public Schools,Race,Hispanic/ Latino of any race(s),All Grades,SBAC,ELA,,"1,214",348,28.7%,0.43410214168,0.22981878089,0.1960461285,0.09060955519,0.30155979203,0.04942339374,0.95057660626
2024-25,Walla Walla Public Schools,Race,Hispanic/ Latino of any race(s),All Grades,SBAC,Math,,"1,215",229,18.9%,0.51687242798,0.24032921811,0.11851851852,0.06995884774,0.19930374238,0.05432098765,0.94567901235
2024-25,Walla Walla Public Schools,Race,Hispanic/ Latino of any race(s),All Grades,AIM,ELA,<14%,,,<14%,,,,,,,
2024-25,Walla Walla Public Schools,Race,Native Hawaiian/Pacific Islander,03,SBAC,Math,N<10,,,N<10,,,,,,,
2024-25,Walla Walla Public Schools,Race,Native Hawaiian/Pacific Islander,03,SBAC,ELA,N<10,,,N<10,,,,,,,
2024-25,Walla Walla Public Schools,Race,Native Hawaiian/Pacific Islander,07,SBAC,ELA,N<10,,,N<10,,,,,,,
2024-25,Walla Walla Public Schools,Race,Native Hawaiian/Pacific Islander,07,SBAC,Math,N<10,,,N<10,,,,,,,
2024-25,Walla Walla Public Schools,Race,Native Hawaiian/Pacific Islander,08,SBAC,ELA,N<10,,,N<10,,,,,,,
2024-25,Walla Walla Public Schools,Race,Native Hawaiian/Pacific Islander,08,SBAC,Math,N<10,,,N<10,,,,,,,
2024-25,Walla Walla Public Schools,Race,Native Hawaiian/Pacific Islander,All Grades,SBAC,ELA,N<10,,,N<10,,,,,,,
2024-25,Walla Walla Public Schools,Race,Native Hawaiian/Pacific Islander,All Grades,SBAC,Math,N<10,,,N<10,,,,,,,
2024-25,Walla Walla Public Schools,Race,Two Or More Races,03,SBAC,Math,Cross Student Group - N<10,,,58.3%,0.16666666667,0.25,0.33333333333,0.25,0.58333333333,0.0,
2024-25,Walla Walla Public Schools,Race,Two Or More Races,03,SBAC,ELA,Cross Student Group - N<10,,,50.0%,0.08333333333,0.41666666667,0.33333333333,0.16666666667,0.5,0.0,
2024-25,Walla Walla Public Schools,Race,Two Or More Races,04,SBAC,ELA,,20,15,75.0%,0.2,0.05,0.4,0.35,0.75,0.0,1.0
2024-25,Walla Walla Public Schools,Race,Two Or More Races,04,SBAC,Math,,20,14,70.0%,0.2,0.1,0.3,0.4,0.7,0.0,1.0
2024-25,Walla Walla Public Schools,Race,Two Or More Races,05,SBAC,ELA,N<10,,,N<10,,,,,,,
2024-25,Walla Walla Public Schools,Race,Two Or More Races,05,SBAC,Math,N<10,,,N<10,,,,,,,
2024-25,Walla Walla Public Schools,Race,Two Or More Races,06,AIM,ELA,N<10,,,N<10,,,,,,,
2024-25,Walla Walla Public Schools,Race,Two Or More Races,06,AIM,Math,N<10,,,N<10,,,,,,,
2024-25,Walla Walla Public Schools,Race,Two Or More Races,06,SBAC,ELA,,14,6,42.9%,0.21428571429,0.21428571429,0.28571428571,0.14285714286,0.5,0.14285714286,0.85714285714
2024-25,Walla Walla Public Schools,Race,Two Or More Races,06,SBAC,Math,,14,4,28.6%,0.35714285714,0.28571428571,0.14285714286,0.14285714286,0.30769230769,0.07142857143,0.92857142857
2024-25,Walla Walla Public Schools,Race,Two Or More Races,07,SBAC,ELA,Cross Student Group - N<10,,,40.0%,0.33333333333,0.2,0.26666666667,0.13333333333,0.42857142857,0.06666666667,0.93333333333
2024-25,Walla Walla Public Schools,Race,Two Or More Races,07,SBAC,Math,Cross Student Group - N<10,,,40.0%,0.26666666667,0.26666666667,0.26666666667,0.13333333333,0.42857142857,0.06666666667,0.93333333333
2024-25,Walla Walla Public Schools,Race,Two Or More Races,08,SBAC,ELA,,19,11,57.9%,0.15789473684,0.10526315789,0.42105263158,0.15789473684,0.6875,0.15789473684,0.84210526316
2024-25,Walla Walla Public Schools,Race,Two Or More Races,08,SBAC,Math,,19,9,47.4%,0.31578947368,0.05263157895,0.15789473684,0.31578947368,0.5625,0.15789473684,0.84210526316
2024-25,Walla Walla Public Schools,Race,Two Or More Races,10,SBAC,ELA,,24,10,41.7%,0.25,0.20833333333,0.16666666667,0.25,0.47619047619,0.125,0.875
2024-25,Walla Walla Public Schools,Race,Two Or More Races,10,SBAC,Math,,24,6,25.0%,0.41666666667,0.20833333333,0.125,0.125,0.28571428571,0.125,0.875
2024-25,Walla Walla Public Schools,Race,Two Or More Races,All Grades,AIM,Math,N<10,,,N<10,,,,,,,
2024-25,Walla Walla Public Schools,Race,Two Or More Races,All Grades,SBAC,Math,,112,47,42.0%,0.3125,0.17857142857,0.19642857143,0.22321428571,0.46078431373,0.08928571429,0.91071428571
2024-25,Walla Walla Public Schools,Race,Two Or More Races,All Grades,SBAC,ELA,,112,56,50.0%,0.23214285714,0.17857142857,0.29464285714,0.20535714286,0.54901960784,0.08928571429,0.91071428571
2024-25,Walla Walla Public Schools,Race,Two Or More Races,All Grades,AIM,ELA,N<10,,,N<10,,,,,,,
2024-25,Walla Walla Public Schools,Race,White,03,SBAC,ELA,,150,86,57.3%,0.19333333333,0.22,0.28,0.29333333333,0.58108108108,0.01333333333,0.98666666667
2024-25,Walla Walla Public Schools,Race,White,03,SBAC,Math,,150,90,60.0%,0.16666666667,0.21333333333,0.24666666667,0.35333333333,0.61224489796,0.02,0.98
2024-25,Walla Walla Public Schools,Race,White,03,AIM,Math,N<10,,,N<10,,,,,,,
2024-25,Walla Walla Public Schools,Race,White,03,AIM,ELA,N<10,,,N<10,,,,,,,
2024-25,Walla Walla Public Schools,Race,White,04,AIM,Math,N<10,,,N<10,,,,,,,
2024-25,Walla Walla Public Schools,Race,White,04,SBAC,Math,,178,89,50.0%,0.18539325843,0.30337078652,0.23595505618,0.26404494382,0.50568181818,0.01123595506,0.98876404494
2024-25,Walla Walla Public Schools,Race,White,04,AIM,ELA,N<10,,,N<10,,,,,,,
2024-25,Walla Walla Public Schools,Race,White,04,SBAC,ELA,,178,89,50.0%,0.26966292135,0.21348314607,0.21348314607,0.28651685393,0.50857142857,0.01685393258,0.98314606742
2024-25,Walla Walla Public Schools,Race,White,05,SBAC,Math,,205,107,52.2%,0.20975609756,0.24390243902,0.18048780488,0.34146341463,0.535,0.0243902439,0.9756097561
2024-25,Walla Walla Public Schools,Race,White,05,AIM,ELA,N<10,,,N<10,,,,,,,
2024-25,Walla Walla Public Schools,Race,White,05,SBAC,ELA,,205,122,59.5%,0.21951219512,0.16585365854,0.2487804878,0.34634146341,0.60696517413,0.01951219512,0.98048780488
2024-25,Walla Walla Public Schools,Race,White,05,AIM,Math,N<10,,,N<10,,,,,,,
2024-25,Walla Walla Public Schools,Race,White,06,AIM,ELA,N<10,,,N<10,,,,,,,
2024-25,Walla Walla Public Schools,Race,White,06,AIM,Math,N<10,,,N<10,,,,,,,
2024-25,Walla Walla Public Schools,Race,White,06,SBAC,ELA,,197,100,50.8%,0.24873096447,0.17766497462,0.29949238579,0.20812182741,0.54347826087,0.06598984772,0.93401015228
2024-25,Walla Walla Public Schools,Race,White,06,SBAC,Math,,197,75,38.1%,0.29949238579,0.2385786802,0.1269035533,0.2538071066,0.41436464088,0.08121827411,0.91878172589
2024-25,Walla Walla Public Schools,Race,White,07,AIM,Math,N<10,,,N<10,,,,,,,
2024-25,Walla Walla Public Schools,Race,White,07,SBAC,ELA,,169,88,52.1%,0.22485207101,0.20710059172,0.26627218935,0.25443786982,0.54658385093,0.04733727811,0.95266272189
2024-25,Walla Walla Public Schools,Race,White,07,AIM,ELA,N<10,,,N<10,,,,,,,
2024-25,Walla Walla Public Schools,Race,White,07,SBAC,Math,,169,77,45.6%,0.28402366864,0.20118343195,0.14792899408,0.30769230769,0.48427672956,0.05917159763,0.94082840237
2024-25,Walla Walla Public Schools,Race,White,08,SBAC,ELA,,183,98,53.6%,0.16393442623,0.25136612022,0.32786885246,0.20765027322,0.5632183908,0.04918032787,0.95081967213
2024-25,Walla Walla Public Schools,Race,White,08,SBAC,Math,,183,73,39.9%,0.33879781421,0.1912568306,0.15846994536,0.24043715847,0.42941176471,0.07103825137,0.92896174863
2024-25,Walla Walla Public Schools,Race,White,10,SBAC,Math,,232,71,30.6%,0.36637931034,0.24568965517,0.13793103448,0.16810344828,0.33333333333,0.08189655172,0.91810344828
2024-25,Walla Walla Public Schools,Race,White,10,AIM,ELA,N<10,,,N<10,,,,,,,
2024-25,Walla Walla Public Schools,Race,White,10,AIM,Math,N<10,,,N<10,,,,,,,
2024-25,Walla Walla Public Schools,Race,White,10,SBAC,ELA,,232,154,66.4%,0.11206896552,0.14224137931,0.33620689655,0.3275862069,0.72300469484,0.08189655172,0.91810344828
2024-25,Walla Walla Public Schools,Race,White,All Grades,AIM,ELA,<20%,,,<20%,,,,,,,
2024-25,Walla Walla Public Schools,Race,White,All Grades,SBAC,Math,,"1,314",582,44.3%,0.2701674277,0.23515981735,0.17275494673,0.2701674277,0.46709470305,0.05175038052,0.94824961948
2024-25,Walla Walla Public Schools,Race,White,All Grades,AIM,Math,<20%,,,<20%,,,,,,,
2024-25,Walla Walla Public Schools,Race,White,All Grades,SBAC,ELA,,"1,314",737,56.1%,0.20167427702,0.19330289193,0.28386605784,0.27701674277,0.58678343949,0.04414003044,0.95585996956
2024-25,Walla Walla Public Schools,SWD,Students with Disabilities,03,AIM,ELA,N<10,,,N<10,,,,,,,
2024-25,Walla Walla Public Schools,SWD,Students with Disabilities,03,AIM,Math,N<10,,,N<10,,,,,,,
2024-25,Walla Walla Public Schools,SWD,Students with Disabilities,03,SBAC,ELA,,52,12,23.1%,0.51923076923,0.21153846154,0.19230769231,0.03846153846,0.24,0.03846153846,0.96153846154
2024-25,Walla Walla Public Schools,SWD,Students with Disabilities,03,SBAC,Math,,52,12,23.1%,0.48076923077,0.25,0.11538461538,0.11538461538,0.24,0.03846153846,0.96153846154
2024-25,Walla Walla Public Schools,SWD,Students with Disabilities,04,AIM,ELA,N<10,,,N<10,,,,,,,
2024-25,Walla Walla Public Schools,SWD,Students with Disabilities,04,AIM,Math,N<10,,,N<10,,,,,,,
2024-25,Walla Walla Public Schools,SWD,Students with Disabilities,04,SBAC,ELA,,75,13,17.3%,0.62666666667,0.18666666667,0.06666666667,0.10666666667,0.17567567568,0.01333333333,0.98666666667
2024-25,Walla Walla Public Schools,SWD,Students with Disabilities,04,SBAC,Math,,75,16,21.3%,0.52,0.25333333333,0.12,0.09333333333,0.21621621622,0.01333333333,0.98666666667
2024-25,Walla Walla Public Schools,SWD,Students with Disabilities,05,AIM,ELA,N<10,,,N<10,,,,,,,
2024-25,Walla Walla Public Schools,SWD,Students with Disabilities,05,AIM,Math,N<10,,,N<10,,,,,,,
2024-25,Walla Walla Public Schools,SWD,Students with Disabilities,05,SBAC,ELA,,74,6,8.1%,0.7027027027,0.13513513514,0.06756756757,0.01351351351,0.08823529412,0.08108108108,0.91891891892
2024-25,Walla Walla Public Schools,SWD,Students with Disabilities,05,SBAC,Math,,74,5,6.8%,0.64864864865,0.17567567568,0.02702702703,0.04054054054,0.07575757576,0.10810810811,0.89189189189
2024-25,Walla Walla Public Schools,SWD,Students with Disabilities,06,AIM,Math,N<10,,,N<10,,,,,,,
2024-25,Walla Walla Public Schools,SWD,Students with Disabilities,06,SBAC,Math,,53,5,9.4%,0.77358490566,0.05660377358,0.03773584906,0.05660377358,0.10204081633,0.07547169811,0.92452830189
2024-25,Walla Walla Public Schools,SWD,Students with Disabilities,06,AIM,ELA,N<10,,,N<10,,,,,,,
2024-25,Walla Walla Public Schools,SWD,Students with Disabilities,06,SBAC,ELA,,53,7,13.2%,0.64150943396,0.15094339623,0.09433962264,0.03773584906,0.14285714286,0.07547169811,0.92452830189
2024-25,Walla Walla Public Schools,SWD,Students with Disabilities,07,AIM,ELA,N<10,,,N<10,,,,,,,
2024-25,Walla Walla Public Schools,SWD,Students with Disabilities,07,AIM,Math,N<10,,,N<10,,,,,,,
2024-25,Walla Walla Public Schools,SWD,Students with Disabilities,07,SBAC,Math,<6%,,,<6%,,,,,,,
2024-25,Walla Walla Public Schools,SWD,Students with Disabilities,07,SBAC,ELA,<6%,,,<6%,,,,,,,
2024-25,Walla Walla Public Schools,SWD,Students with Disabilities,08,AIM,ELA,N<10,,,N<10,,,,,,,
2024-25,Walla Walla Public Schools,SWD,Students with Disabilities,08,AIM,Math,N<10,,,N<10,,,,,,,
2024-25,Walla Walla Public Schools,SWD,Students with Disabilities,08,SBAC,Math,<5%,,,<5%,,,,,,,
2024-25,Walla Walla Public Schools,SWD,Students with Disabilities,08,SBAC,ELA,,58,5,8.6%,0.51724137931,0.24137931034,0.08620689655,0.0,0.10204081633,0.15517241379,0.84482758621
2024-25,Walla Walla Public Schools,SWD,Students with Disabilities,10,SBAC,Math,<4%,,,<4%,,,,,,,
2024-25,Walla Walla Public Schools,SWD,Students with Disabilities,10,AIM,Math,N<10,,,N<10,,,,,,,
2024-25,Walla Walla Public Schools,SWD,Students with Disabilities,10,AIM,ELA,N<10,,,N<10,,,,,,,
2024-25,Walla Walla Public Schools,SWD,Students with Disabilities,10,SBAC,ELA,,85,11,12.9%,0.64705882353,0.14117647059,0.10588235294,0.02352941176,0.14102564103,0.08235294118,0.91764705882
2024-25,Walla Walla Public Schools,SWD,Students with Disabilities,All Grades,SBAC,ELA,,450,56,12.4%,0.61777777778,0.17555555556,0.08888888889,0.03555555556,0.13559322034,0.08222222222,0.91777777778
2024-25,Walla Walla Public Schools,SWD,Students with Disabilities,All Grades,AIM,ELA,<8%,,,7.9%,0.39473684211,0.52631578947,0.07894736842,0.0,0.07894736842,0.0,
2024-25,Walla Walla Public Schools,SWD,Students with Disabilities,All Grades,AIM,Math,,38,8,21.1%,0.07894736842,0.71052631579,0.21052631579,0.0,0.21052631579,0.0,1.0
2024-25,Walla Walla Public Schools,SWD,Students with Disabilities,All Grades,SBAC,Math,,450,43,9.6%,0.66,0.14888888889,0.04666666667,0.04888888889,0.10565110565,0.09555555556,0.90444444444
2024-25,Walla Walla Public Schools,SWD,Students without Disabilities,03,SBAC,Math,,279,133,47.7%,0.29390681004,0.21505376344,0.25089605735,0.22580645161,0.48363636364,0.01433691756,0.98566308244
2024-25,Walla Walla Public Schools,SWD,Students without Disabilities,03,SBAC,ELA,,279,124,44.4%,0.28673835125,0.25806451613,0.21863799283,0.22580645161,0.44927536232,0.01075268817,0.98924731183
2024-25,Walla Walla Public Schools,SWD,Students without Disabilities,04,SBAC,ELA,,288,124,43.1%,0.33333333333,0.22222222222,0.21180555556,0.21875,0.43661971831,0.01388888889,0.98611111111
2024-25,Walla Walla Public Schools,SWD,Students without Disabilities,04,SBAC,Math,,288,120,41.7%,0.23611111111,0.33680555556,0.20486111111,0.21180555556,0.42105263158,0.01041666667,0.98958333333
2024-25,Walla Walla Public Schools,SWD,Students without Disabilities,05,SBAC,ELA,,320,173,54.1%,0.25625,0.1875,0.26875,0.271875,0.54920634921,0.015625,0.984375
2024-25,Walla Walla Public Schools,SWD,Students without Disabilities,05,SBAC,Math,,320,150,46.9%,0.240625,0.271875,0.196875,0.271875,0.47770700637,0.01875,0.98125
2024-25,Walla Walla Public Schools,SWD,Students without Disabilities,06,SBAC,ELA,,348,154,44.3%,0.29885057471,0.20977011494,0.28735632184,0.15517241379,0.46525679758,0.04885057471,0.95114942529
2024-25,Walla Walla Public Schools,SWD,Students without Disabilities,06,SBAC,Math,,348,112,32.2%,0.37931034483,0.25,0.1408045977,0.18103448276,0.33836858006,0.04885057471,0.95114942529
2024-25,Walla Walla Public Schools,SWD,Students without Disabilities,07,SBAC,Math,Cross Student Group - Top/Bottom,,,33.6%,0.35185185185,0.25925925926,0.12962962963,0.20679012346,0.35504885993,0.0524691358,0.9475308642
2024-25,Walla Walla Public Schools,SWD,Students without Disabilities,07,SBAC,ELA,Cross Student Group - Top/Bottom,,,44.1%,0.2962962963,0.21296296296,0.26851851852,0.17283950617,0.46428571429,0.04938271605,0.95061728395
2024-25,Walla Walla Public Schools,SWD,Students without Disabilities,08,SBAC,Math,Cross Student Group - Top/Bottom,,,34.6%,0.37142857143,0.21587301587,0.15238095238,0.19365079365,0.37074829932,0.06666666667,0.93333333333
2024-25,Walla Walla Public Schools,SWD,Students without Disabilities,08,SBAC,ELA,,315,162,51.4%,0.1746031746,0.25714285714,0.33968253968,0.1746031746,0.54362416107,0.05396825397,0.94603174603
2024-25,Walla Walla Public Schools,SWD,Students without Disabilities,10,SBAC,ELA,,386,240,62.2%,0.11917098446,0.18134715026,0.32383419689,0.29792746114,0.67415730337,0.07772020725,0.92227979275
2024-25,Walla Walla Public Schools,SWD,Students without Disabilities,10,SBAC,Math,Cross Student Group - Top/Bottom,,,28.2%,0.40310077519,0.22739018088,0.13695090439,0.14470284238,0.30878186969,0.08785529716,0.91214470284
2024-25,Walla Walla Public Schools,SWD,Students without Disabilities,All Grades,SBAC,ELA,,"2,260","1,120",49.6%,0.24734513274,0.21637168142,0.27743362832,0.21814159292,0.51660516605,0.0407079646,0.9592920354
2024-25,Walla Walla Public Schools,SWD,Students without Disabilities,All Grades,SBAC,Math,,"2,261",842,37.2%,0.32994250332,0.25254312251,0.16983635559,0.20256523662,0.38999536823,0.04511278195,0.95488721805
2024-25,Walla Walla Public Schools,homeless,Homeless,03,SBAC,Math,,14,5,35.7%,0.42857142857,0.21428571429,0.28571428571,0.07142857143,0.35714285714,0.0,1.0
2024-25,Walla Walla Public Schools,homeless,Homeless,03,SBAC,ELA,<21%,,,21.4%,,,,,,,
2024-25,Walla Walla Public Schools,homeless,Homeless,04,SBAC,Math,<18%,,,<18%,,,,,,,
2024-25,Walla Walla Public Schools,homeless,Homeless,04,SBAC,ELA,<18%,,,<18%,,,,,,,
2024-25,Walla Walla Public Schools,homeless,Homeless,04,AIM,ELA,N<10,,,N<10,,,,,,,
2024-25,Walla Walla Public Schools,homeless,Homeless,04,AIM,Math,N<10,,,N<10,,,,,,,
2024-25,Walla Walla Public Schools,homeless,Homeless,05,SBAC,Math,<13%,,,<13%,,,,,,,
2024-25,Walla Walla Public Schools,homeless,Homeless,05,SBAC,ELA,,23,4,17.4%,0.65217391304,0.17391304348,0.13043478261,0.04347826087,0.17391304348,0.0,1.0
2024-25,Walla Walla Public Schools,homeless,Homeless,06,SBAC,Math,N<10,,,N<10,,,,,,,
2024-25,Walla Walla Public Schools,homeless,Homeless,06,SBAC,ELA,N<10,,,N<10,,,,,,,
2024-25,Walla Walla Public Schools,homeless,Homeless,07,SBAC,Math,<23%,,,<23%,,,,,,,
2024-25,Walla Walla Public Schools,homeless,Homeless,07,SBAC,ELA,<23%,,,<23%,,,,,,,
2024-25,Walla Walla Public Schools,homeless,Homeless,08,SBAC,ELA,<23%,,,23.1%,0.46153846154,0.15384615385,0.23076923077,0.0,0.27272727273,0.15384615385,
2024-25,Walla Walla Public Schools,homeless,Homeless,08,SBAC,Math,<23%,,,23.1%,0.53846153846,0.0,0.07692307692,0.15384615385,0.3,0.23076923077,
2024-25,Walla Walla Public Schools,homeless,Homeless,10,SBAC,ELA,<17%,,,<17%,,,,,,,
2024-25,Walla Walla Public Schools,homeless,Homeless,10,SBAC,Math,<17%,,,<17%,,,,,,,
2024-25,Walla Walla Public Schools,homeless,Homeless,All Grades,AIM,ELA,N<10,,,N<10,,,,,,,
2024-25,Walla Walla Public Schools,homeless,Homeless,All Grades,SBAC,ELA,,104,15,14.4%,0.48076923077,0.27884615385,0.09615384615,0.04807692308,0.15957446809,0.09615384615,0.90384615385
2024-25,Walla Walla Public Schools,homeless,Homeless,All Grades,AIM,Math,N<10,,,N<10,,,,,,,
2024-25,Walla Walla Public Schools,homeless,Homeless,All Grades,SBAC,Math,,104,13,12.5%,0.51923076923,0.21153846154,0.08653846154,0.03846153846,0.14606741573,0.14423076923,0.85576923077
2024-25,Walla Walla Public Schools,homeless,Non-Homeless,03,AIM,ELA,N<10,,,N<10,,,,,,,
2024-25,Walla Walla Public Schools,homeless,Non-Homeless,03,SBAC,ELA,Cross Student Group - Top/Bottom,,,42.0%,0.32176656151,0.2429022082,0.21766561514,0.20189274448,0.42628205128,0.01577287066,0.98422712934
2024-25,Walla Walla Public Schools,homeless,Non-Homeless,03,SBAC,Math,,317,140,44.2%,0.31861198738,0.22082018927,0.22712933754,0.21451104101,0.4501607717,0.01892744479,0.98107255521
2024-25,Walla Walla Public Schools,homeless,Non-Homeless,03,AIM,Math,N<10,,,N<10,,,,,,,
2024-25,Walla Walla Public Schools,homeless,Non-Homeless,04,SBAC,Math,Cross Student Group - Top/Bottom,,,38.7%,0.28034682081,0.32080924855,0.1936416185,0.1936416185,0.3918128655,0.01156069364,0.98843930636
2024-25,Walla Walla Public Schools,homeless,Non-Homeless,04,AIM,ELA,N<10,,,N<10,,,,,,,
2024-25,Walla Walla Public Schools,homeless,Non-Homeless,04,AIM,Math,N<10,,,N<10,,,,,,,
2024-25,Walla Walla Public Schools,homeless,Non-Homeless,04,SBAC,ELA,Cross Student Group - Top/Bottom,,,39.0%,0.37861271676,0.21676300578,0.19075144509,0.19942196532,0.39589442815,0.01445086705,0.98554913295
2024-25,Walla Walla Public Schools,homeless,Non-Homeless,05,SBAC,ELA,,371,175,47.2%,0.32075471698,0.17789757412,0.2371967655,0.23450134771,0.48611111111,0.02964959569,0.97035040431
2024-25,Walla Walla Public Schools,homeless,Non-Homeless,05,SBAC,Math,Cross Student Group - Top/Bottom,,,41.2%,0.30458221024,0.25067385445,0.16981132075,0.24258760108,0.42618384401,0.03234501348,0.96765498652
2024-25,Walla Walla Public Schools,homeless,Non-Homeless,05,AIM,Math,N<10,,,N<10,,,,,,,
2024-25,Walla Walla Public Schools,homeless,Non-Homeless,05,AIM,ELA,N<10,,,N<10,,,,,,,
2024-25,Walla Walla Public Schools,homeless,Non-Homeless,06,AIM,ELA,N<10,,,N<10,,,,,,,
2024-25,Walla Walla Public Schools,homeless,Non-Homeless,06,SBAC,ELA,Cross Student Group - N<10,,,40.5%,0.34430379747,0.2,0.26582278481,0.13924050633,0.42666666667,0.05063291139,0.94936708861
2024-25,Walla Walla Public Schools,homeless,Non-Homeless,06,SBAC,Math,Cross Student Group - N<10,,,29.6%,0.42784810127,0.2253164557,0.12911392405,0.16708860759,0.312,0.05063291139,0.94936708861
2024-25,Walla Walla Public Schools,homeless,Non-Homeless,06,AIM,Math,N<10,,,N<10,,,,,,,
2024-25,Walla Walla Public Schools,homeless,Non-Homeless,07,AIM,ELA,N<10,,,N<10,,,,,,,
2024-25,Walla Walla Public Schools,homeless,Non-Homeless,07,SBAC,ELA,Cross Student Group - Top/Bottom,,,39.8%,0.33516483516,0.2032967033,0.24175824176,0.15659340659,0.42521994135,0.06318681319,0.93681318681
2024-25,Walla Walla Public Schools,homeless,Non-Homeless,07,AIM,Math,N<10,,,N<10,,,,,,,
2024-25,Walla Walla Public Schools,homeless,Non-Homeless,07,SBAC,Math,Cross Student Group - Top/Bottom,,,30.2%,0.38736263736,0.24175824176,0.11538461538,0.18681318681,0.32448377581,0.06868131868,0.93131868132
2024-25,Walla Walla Public Schools,homeless,Non-Homeless,08,SBAC,ELA,Cross Student Group - Top/Bottom,,,45.6%,0.21944444444,0.25833333333,0.30277777778,0.15277777778,0.4880952381,0.06666666667,0.93333333333
2024-25,Walla Walla Public Schools,homeless,Non-Homeless,08,AIM,ELA,N<10,,,N<10,,,,,,,
2024-25,Walla Walla Public Schools,homeless,Non-Homeless,08,AIM,Math,N<10,,,N<10,,,,,,,
2024-25,Walla Walla Public Schools,homeless,Non-Homeless,08,SBAC,Math,Cross Student Group - Top/Bottom,,,29.7%,0.42222222222,0.20277777778,0.13055555556,0.16666666667,0.32228915663,0.07777777778,0.92222222222
2024-25,Walla Walla Public Schools,homeless,Non-Homeless,10,AIM,ELA,N<10,,,N<10,,,,,,,
2024-25,Walla Walla Public Schools,homeless,Non-Homeless,10,SBAC,ELA,Cross Student Group - Top/Bottom,,,55.0%,0.21633554084,0.16556291391,0.29139072848,0.2582781457,0.59004739336,0.06843267108,0.93156732892
2024-25,Walla Walla Public Schools,homeless,Non-Homeless,10,AIM,Math,N<10,,,N<10,,,,,,,
2024-25,Walla Walla Public Schools,homeless,Non-Homeless,10,SBAC,Math,Cross Student Group - Top/Bottom,,,24.4%,0.47577092511,0.20264317181,0.11894273128,0.12555066079,0.26491646778,0.07709251101,0.92290748899
2024-25,Walla Walla Public Schools,homeless,Non-Homeless,All Grades,AIM,ELA,<8%,,,8.3%,0.38888888889,0.52777777778,0.08333333333,0.0,0.08333333333,0.0,
2024-25,Walla Walla Public Schools,homeless,Non-Homeless,All Grades,AIM,Math,Cross Student Group - N<10,,,22.2%,0.05555555556,0.72222222222,0.22222222222,0.0,0.22222222222,0.0,
2024-25,Walla Walla Public Schools,homeless,Non-Homeless,All Grades,SBAC,ELA,,"2,606","1,161",44.6%,0.30199539524,0.2068303914,0.2521105142,0.19339984651,0.46682750302,0.04566385265,0.95433614735
2024-25,Walla Walla Public Schools,homeless,Non-Homeless,All Grades,SBAC,Math,,"2,607",872,33.5%,0.37936325278,0.23628691983,0.15189873418,0.18258534714,0.35203875656,0.04986574607,0.95013425393
2024-25,Walla Walla Public Schools,s504,Non Section 504,03,SBAC,ELA,,311,124,39.9%,0.32797427653,0.25723472669,0.20900321543,0.18971061093,0.40522875817,0.01607717042,0.98392282958
2024-25,Walla Walla Public Schools,s504,Non Section 504,03,AIM,Math,N<10,,,N<10,,,,,,,
2024-25,Walla Walla Public Schools,s504,Non Section 504,03,AIM,ELA,N<10,,,N<10,,,,,,,
2024-25,Walla Walla Public Schools,s504,Non Section 504,03,SBAC,Math,,311,134,43.1%,0.32475884244,0.22508038585,0.22508038585,0.20578778135,0.4393442623,0.0192926045,0.9807073955
2024-25,Walla Walla Public Schools,s504,Non Section 504,04,AIM,ELA,N<10,,,N<10,,,,,,,
2024-25,Walla Walla Public Schools,s504,Non Section 504,04,SBAC,ELA,,348,133,38.2%,0.39942528736,0.20402298851,0.1867816092,0.19540229885,0.38775510204,0.01436781609,0.98563218391
2024-25,Walla Walla Public Schools,s504,Non Section 504,04,AIM,Math,N<10,,,N<10,,,,,,,
2024-25,Walla Walla Public Schools,s504,Non Section 504,04,SBAC,Math,,348,131,37.6%,0.30172413793,0.31034482759,0.18103448276,0.19540229885,0.38081395349,0.01149425287,0.98850574713
2024-25,Walla Walla Public Schools,s504,Non Section 504,05,AIM,ELA,N<10,,,N<10,,,,,,,
2024-25,Walla Walla Public Schools,s504,Non Section 504,05,SBAC,ELA,,369,166,45.0%,0.34959349593,0.17344173442,0.22222222222,0.22764227642,0.46239554318,0.027100271,0.972899729
2024-25,Walla Walla Public Schools,s504,Non Section 504,05,SBAC,Math,,369,146,39.6%,0.31436314363,0.25474254743,0.16531165312,0.23035230352,0.41011235955,0.0352303523,0.9647696477
2024-25,Walla Walla Public Schools,s504,Non Section 504,05,AIM,Math,N<10,,,N<10,,,,,,,
2024-25,Walla Walla Public Schools,s504,Non Section 504,06,AIM,ELA,N<10,,,N<10,,,,,,,
2024-25,Walla Walla Public Schools,s504,Non Section 504,06,SBAC,ELA,,374,151,40.4%,0.3422459893,0.20053475936,0.25935828877,0.14438502674,0.42655367232,0.05347593583,0.94652406417
2024-25,Walla Walla Public Schools,s504,Non Section 504,06,AIM,Math,N<10,,,N<10,,,,,,,
2024-25,Walla Walla Public Schools,s504,Non Section 504,06,SBAC,Math,Cross Student Group - Top/Bottom,,,30.7%,0.43315508021,0.20855614973,0.13101604278,0.17647058824,0.32394366197,0.05080213904,0.94919786096
2024-25,Walla Walla Public Schools,s504,Non Section 504,07,AIM,ELA,N<10,,,N<10,,,,,,,
2024-25,Walla Walla Public Schools,s504,Non Section 504,07,AIM,Math,N<10,,,N<10,,,,,,,
2024-25,Walla Walla Public Schools,s504,Non Section 504,07,SBAC,ELA,,344,135,39.2%,0.33430232558,0.20930232558,0.23837209302,0.15406976744,0.41925465839,0.06395348837,0.93604651163
2024-25,Walla Walla Public Schools,s504,Non Section 504,07,SBAC,Math,,344,105,30.5%,0.38081395349,0.24709302326,0.11627906977,0.18895348837,0.32710280374,0.06686046512,0.93313953488
2024-25,Walla Walla Public Schools,s504,Non Section 504,08,AIM,ELA,N<10,,,N<10,,,,,,,
2024-25,Walla Walla Public Schools,s504,Non Section 504,08,AIM,Math,N<10,,,N<10,,,,,,,
2024-25,Walla Walla Public Schools,s504,Non Section 504,08,SBAC,ELA,,347,155,44.7%,0.23342939481,0.24783861671,0.29971181556,0.1469740634,0.48136645963,0.07204610951,0.92795389049
2024-25,Walla Walla Public Schools,s504,Non Section 504,08,SBAC,Math,,347,101,29.1%,0.42363112392,0.19884726225,0.1181556196,0.17291066282,0.31861198738,0.08645533141,0.91354466859
2024-25,Walla Walla Public Schools,s504,Non Section 504,10,SBAC,Math,,426,101,23.7%,0.46244131455,0.20892018779,0.11502347418,0.1220657277,0.26098191214,0.09154929577,0.90845070423
2024-25,Walla Walla Public Schools,s504,Non Section 504,10,AIM,ELA,N<10,,,N<10,,,,,,,
2024-25,Walla Walla Public Schools,s504,Non Section 504,10,AIM,Math,N<10,,,N<10,,,,,,,
2024-25,Walla Walla Public Schools,s504,Non Section 504,10,SBAC,ELA,,425,227,53.4%,0.21882352941,0.17176470588,0.28705882353,0.24705882353,0.57760814249,0.07529411765,0.92470588235
2024-25,Walla Walla Public Schools,s504,Non Section 504,All Grades,AIM,Math,,38,8,21.1%,0.07894736842,0.71052631579,0.21052631579,0.0,0.21052631579,0.0,1.0
2024-25,Walla Walla Public Schools,s504,Non Section 504,All Grades,SBAC,Math,,"2,519",833,33.1%,0.38070662961,0.23541087733,0.14807463279,0.18261214768,0.34926624738,0.05319571258,0.94680428742
2024-25,Walla Walla Public Schools,s504,Non Section 504,All Grades,SBAC,ELA,,"2,518","1,091",43.3%,0.31254964257,0.20691024623,0.24503574265,0.1882446386,0.45477282201,0.04725972994,0.95274027006
2024-25,Walla Walla Public Schools,s504,Non Section 504,All Grades,AIM,ELA,<8%,,,7.9%,0.39473684211,0.52631578947,0.07894736842,0.0,0.07894736842,0.0,
2024-25,Walla Walla Public Schools,s504,Section 504,03,SBAC,Math,,20,11,55.0%,0.3,0.15,0.3,0.25,0.55,0.0,1.0
2024-25,Walla Walla Public Schools,s504,Section 504,03,SBAC,ELA,,20,12,60.0%,0.25,0.15,0.3,0.3,0.6,0.0,1.0
2024-25,Walla Walla Public Schools,s504,Section 504,04,SBAC,ELA,,15,4,26.7%,0.26666666667,0.46666666667,0.06666666667,0.2,0.26666666667,0.0,1.0
2024-25,Walla Walla Public Schools,s504,Section 504,04,SBAC,Math,,15,5,33.3%,0.13333333333,0.53333333333,0.33333333333,0.0,0.33333333333,0.0,
2024-25,Walla Walla Public Schools,s504,Section 504,05,SBAC,Math,,25,9,36.0%,0.36,0.24,0.16,0.2,0.375,0.04,0.96
2024-25,Walla Walla Public Schools,s504,Section 504,05,SBAC,ELA,,25,13,52.0%,0.2,0.24,0.36,0.16,0.54166666667,0.04,0.96
2024-25,Walla Walla Public Schools,s504,Section 504,06,SBAC,Math,<11%,,,<11%,,,,,,,
2024-25,Walla Walla Public Schools,s504,Section 504,06,SBAC,ELA,,27,10,37.0%,0.37037037037,0.22222222222,0.2962962963,0.07407407407,0.38461538462,0.03703703704,0.96296296296
2024-25,Walla Walla Public Schools,s504,Section 504,07,SBAC,Math,,33,6,18.2%,0.54545454545,0.18181818182,0.09090909091,0.09090909091,0.2,0.09090909091,0.90909090909
2024-25,Walla Walla Public Schools,s504,Section 504,07,SBAC,ELA,,33,10,30.3%,0.42424242424,0.21212121212,0.18181818182,0.12121212121,0.32258064516,0.06060606061,0.93939393939
2024-25,Walla Walla Public Schools,s504,Section 504,08,SBAC,Math,,26,9,34.6%,0.46153846154,0.15384615385,0.26923076923,0.07692307692,0.36,0.03846153846,0.96153846154
2024-25,Walla Walla Public Schools,s504,Section 504,08,SBAC,ELA,,26,12,46.2%,0.15384615385,0.34615384615,0.30769230769,0.15384615385,0.48,0.03846153846,0.96153846154
2024-25,Walla Walla Public Schools,s504,Section 504,10,SBAC,ELA,,46,24,52.2%,0.17391304348,0.19565217391,0.26086956522,0.26086956522,0.58536585366,0.10869565217,0.89130434783
2024-25,Walla Walla Public Schools,s504,Section 504,10,SBAC,Math,,46,10,21.7%,0.5652173913,0.13043478261,0.10869565217,0.10869565217,0.2380952381,0.08695652174,0.91304347826
2024-25,Walla Walla Public Schools,s504,Section 504,All Grades,SBAC,ELA,,192,85,44.3%,0.26041666667,0.24479166667,0.26041666667,0.18229166667,0.46703296703,0.05208333333,0.94791666667
2024-25,Walla Walla Public Schools,s504,Section 504,All Grades,SBAC,Math,,192,52,27.1%,0.4375,0.234375,0.16666666667,0.10416666667,0.28729281768,0.05729166667,0.94270833333
